id,latitude,longitude,severity_score,road_name,type,region
0,28.4429,67.8007,1.7,Peshawar Rd,TRAFFIC_JAM,London
1,29.6617,67.9327,4.8,Shahrah-e-Faisal,ROAD_WORKS,Pakistan
2,26.6765,70.6645,8.4,GT Road,ROAD_CLOSURE,Pakistan
3,27.7888,74.9583,3.1,Mall Road,ROAD_WORKS,London
4,32.4573,74.8835,8.9,M-2 Motorway,ROAD_WORKS,Pakistan
5,25.7228,68.6389,8.1,Ring Road,ROAD_WORKS,Pakistan
6,30.7174,74.2692,2.3,Peshawar Rd,TRAFFIC_JAM,London
7,33.9443,69.3685,7.8,GT Road,ROAD_CLOSURE,London
8,25.3034,73.5366,4.6,Shahrah-e-Faisal,ROAD_WORKS,London
9,33.3051,68.0659,5.8,Mall Road,ACCIDENT,London
10,33.3105,68.9519,5.8,M-2 Motorway,TRAFFIC_JAM,London
11,29.3793,70.8605,8.7,Peshawar Rd,ACCIDENT,London
12,24.8485,72.2138,9.4,Shahrah-e-Faisal,TRAFFIC_JAM,London
13,34.2201,74.4016,6.3,M-2 Motorway,ACCIDENT,Pakistan
14,26.5546,68.7285,9.5,Peshawar Rd,ROAD_CLOSURE,Pakistan
15,28.9104,74.7019,3.9,GT Road,ROAD_CLOSURE,London
16,31.5291,74.6341,9.4,Mall Road,ROAD_CLOSURE,London
17,33.1886,67.7355,5.4,Ring Road,TRAFFIC_JAM,Pakistan
18,31.7326,71.8021,9.1,Peshawar Rd,ROAD_WORKS,Pakistan
19,30.8887,70.8555,2.6,M-2 Motorway,ROAD_CLOSURE,Pakistan
20,31.0633,67.5232,2.5,Ring Road,TRAFFIC_JAM,London
21,34.4084,69.2753,2.1,Peshawar Rd,TRAFFIC_JAM,London
22,24.8616,68.0175,2.5,Shahrah-e-Faisal,ACCIDENT,Pakistan
23,34.2691,72.2479,4.3,Shahrah-e-Faisal,TRAFFIC_JAM,London
24,35.2534,70.0182,2.7,Mall Road,ROAD_WORKS,Pakistan
25,24.3951,74.4276,1.2,Mall Road,ROAD_CLOSURE,Pakistan
26,36.4162,74.8913,6.4,GT Road,ROAD_CLOSURE,Pakistan
27,32.251,69.2767,2.0,Ring Road,ROAD_WORKS,London
28,30.8843,68.6194,8.7,M-2 Motorway,ROAD_WORKS,Pakistan
29,29.9609,73.562,7.3,Ring Road,ROAD_WORKS,Pakistan
30,28.1833,71.3182,6.6,Peshawar Rd,TRAFFIC_JAM,London
31,24.414,70.6566,8.8,Peshawar Rd,ACCIDENT,London
32,36.0511,74.5741,9.8,Ring Road,ROAD_WORKS,London
33,33.0567,73.1364,9.1,Peshawar Rd,TRAFFIC_JAM,Pakistan
34,36.1216,71.1172,8.7,GT Road,ROAD_WORKS,Pakistan
35,24.865,68.0758,2.1,Mall Road,ROAD_CLOSURE,London
36,26.1326,67.6831,2.8,Shahrah-e-Faisal,TRAFFIC_JAM,London
37,24.2572,69.7753,2.3,Peshawar Rd,ACCIDENT,Pakistan
38,28.05,71.7647,5.4,GT Road,ROAD_CLOSURE,Pakistan
39,30.4774,68.7635,1.9,M-2 Motorway,TRAFFIC_JAM,Pakistan
40,28.3507,74.9268,8.4,Peshawar Rd,ACCIDENT,London
41,25.8377,73.4528,7.2,M-2 Motorway,ACCIDENT,London
42,26.2777,73.0349,6.7,Shahrah-e-Faisal,ACCIDENT,Pakistan
43,33.7711,73.3657,5.0,Shahrah-e-Faisal,TRAFFIC_JAM,Pakistan
44,36.4889,70.8587,6.9,GT Road,ROAD_WORKS,London
45,26.6976,71.3228,8.8,Mall Road,ROAD_CLOSURE,Pakistan
46,25.7576,71.9402,5.2,Ring Road,TRAFFIC_JAM,London
47,36.9482,67.6792,7.1,Shahrah-e-Faisal,ROAD_WORKS,Pakistan
48,35.6144,70.7901,8.9,Mall Road,ACCIDENT,Pakistan
49,27.093,72.0996,6.1,Shahrah-e-Faisal,ROAD_WORKS,London
50,31.7479,69.2483,9.8,GT Road,ROAD_CLOSURE,London
51,34.1619,70.0674,1.1,Shahrah-e-Faisal,ACCIDENT,London
52,27.215,73.6314,4.1,Peshawar Rd,ACCIDENT,London
53,25.6115,70.937,4.7,GT Road,ACCIDENT,London
54,32.7631,71.7331,4.7,Ring Road,ROAD_WORKS,London
55,25.0934,72.133,8.2,Mall Road,ROAD_WORKS,London
56,26.0193,67.684,2.8,M-2 Motorway,ACCIDENT,London
57,31.6552,70.3256,6.6,Ring Road,ROAD_WORKS,Pakistan
58,33.9728,67.2771,8.1,Ring Road,ACCIDENT,Pakistan
59,25.0529,69.645,2.3,Shahrah-e-Faisal,ROAD_WORKS,London
60,34.5897,70.3316,2.7,M-2 Motorway,ACCIDENT,London
61,36.7502,69.8525,8.4,Peshawar Rd,ROAD_WORKS,Pakistan
62,32.1276,70.0298,3.1,Mall Road,TRAFFIC_JAM,Pakistan
63,26.0058,67.7736,5.2,Shahrah-e-Faisal,ACCIDENT,London
64,30.6864,68.8335,1.3,Peshawar Rd,ACCIDENT,Pakistan
65,28.8507,74.8292,3.7,Ring Road,TRAFFIC_JAM,Pakistan
66,27.93,70.1381,7.8,Ring Road,ROAD_CLOSURE,Pakistan
67,33.948,69.3218,2.1,Shahrah-e-Faisal,ROAD_CLOSURE,Pakistan
68,27.9181,72.4899,1.3,Mall Road,TRAFFIC_JAM,London
69,35.4372,73.7776,4.2,Mall Road,ACCIDENT,London
70,28.7457,74.6192,6.0,M-2 Motorway,ROAD_WORKS,Pakistan
71,34.7037,74.655,2.0,Mall Road,TRAFFIC_JAM,London
72,31.8841,70.4328,9.8,M-2 Motorway,TRAFFIC_JAM,Pakistan
73,32.9853,70.8802,6.2,GT Road,ROAD_CLOSURE,London
74,25.6019,71.1755,3.3,Ring Road,ACCIDENT,Pakistan
75,35.6763,68.4723,3.4,Peshawar Rd,ROAD_CLOSURE,Pakistan
76,25.8408,73.1514,9.4,GT Road,ACCIDENT,London
77,28.9522,74.7321,10.0,Ring Road,ROAD_WORKS,London
78,32.8434,73.9244,2.6,Peshawar Rd,ROAD_WORKS,London
79,25.2471,67.3898,6.4,M-2 Motorway,TRAFFIC_JAM,Pakistan
80,36.4978,67.6162,1.5,Mall Road,ROAD_WORKS,London
81,30.8594,74.2324,8.5,M-2 Motorway,TRAFFIC_JAM,Pakistan
82,34.9337,72.0294,2.6,Shahrah-e-Faisal,ACCIDENT,London
83,25.5523,69.3114,8.2,Peshawar Rd,TRAFFIC_JAM,Pakistan
84,25.0799,68.8097,6.2,Shahrah-e-Faisal,ACCIDENT,Pakistan
85,26.7067,71.1114,3.0,M-2 Motorway,ACCIDENT,Pakistan
86,34.6316,67.6438,5.1,Mall Road,TRAFFIC_JAM,Pakistan
87,26.695,68.7172,5.3,Peshawar Rd,ACCIDENT,Pakistan
88,30.0081,69.6635,4.8,Ring Road,ROAD_CLOSURE,Pakistan
89,25.3588,71.9706,6.8,Ring Road,TRAFFIC_JAM,London
90,27.3629,67.0401,6.6,Shahrah-e-Faisal,ROAD_CLOSURE,London
91,36.5315,72.5798,8.9,GT Road,ROAD_WORKS,London
92,25.3765,68.8189,1.6,Mall Road,TRAFFIC_JAM,Pakistan
93,36.3848,69.8433,9.4,Mall Road,ACCIDENT,Pakistan
94,28.1045,70.0099,9.6,GT Road,ROAD_CLOSURE,Pakistan
95,35.074,68.4418,2.2,Ring Road,ROAD_WORKS,London
96,30.9106,69.199,5.8,Shahrah-e-Faisal,ROAD_WORKS,London
97,34.6641,68.376,7.6,Peshawar Rd,ACCIDENT,London
98,36.2298,71.0727,3.6,Shahrah-e-Faisal,ROAD_WORKS,London
99,34.3619,67.833,3.4,Shahrah-e-Faisal,ROAD_CLOSURE,London
100,26.9958,71.9201,5.8,Mall Road,ROAD_CLOSURE,Pakistan
101,25.5742,67.1436,2.7,Ring Road,ACCIDENT,London
102,26.9849,69.8603,7.2,GT Road,ROAD_WORKS,Pakistan
103,36.3552,70.8834,2.0,Ring Road,ROAD_WORKS,London
104,27.2441,69.9323,8.7,M-2 Motorway,ACCIDENT,Pakistan
105,35.1806,74.7459,5.1,GT Road,ACCIDENT,London
106,25.5616,67.3385,7.3,Ring Road,ROAD_WORKS,London
107,30.6989,68.6224,1.4,Shahrah-e-Faisal,ROAD_WORKS,London
108,25.64,72.0087,8.1,M-2 Motorway,ACCIDENT,Pakistan
109,24.4461,68.5632,1.6,GT Road,ROAD_CLOSURE,London
110,28.6001,74.375,4.4,Peshawar Rd,ROAD_CLOSURE,Pakistan
111,24.4305,71.8765,4.9,Peshawar Rd,ROAD_WORKS,Pakistan
112,26.5523,67.0881,5.5,Shahrah-e-Faisal,ROAD_WORKS,London
113,34.1231,74.1641,3.5,M-2 Motorway,ROAD_WORKS,London
114,36.8176,68.0731,3.5,Mall Road,ROAD_CLOSURE,London
115,25.3816,72.703,4.8,Peshawar Rd,ROAD_WORKS,London
116,32.0334,70.1356,7.2,Ring Road,ROAD_WORKS,Pakistan
117,35.3434,72.4113,4.4,GT Road,ROAD_WORKS,Pakistan
118,30.0534,70.244,4.3,Mall Road,ACCIDENT,London
119,28.7747,70.2828,9.9,Peshawar Rd,ROAD_WORKS,Pakistan
120,25.0423,73.6822,7.0,Shahrah-e-Faisal,ROAD_CLOSURE,Pakistan
121,32.3367,71.1064,3.9,M-2 Motorway,ACCIDENT,Pakistan
122,27.3852,72.495,3.5,Mall Road,ROAD_WORKS,London
123,28.8905,71.0046,9.6,Mall Road,TRAFFIC_JAM,London
124,31.2835,72.4,8.1,Peshawar Rd,ROAD_CLOSURE,Pakistan
125,30.5321,67.4311,4.2,Peshawar Rd,ROAD_CLOSURE,London
126,28.2068,74.7876,7.9,Ring Road,ROAD_WORKS,London
127,25.6478,67.2419,9.8,Ring Road,ROAD_WORKS,Pakistan
128,31.1734,67.321,4.7,Shahrah-e-Faisal,ACCIDENT,Pakistan
129,35.8371,69.0585,3.1,Peshawar Rd,ACCIDENT,Pakistan
130,26.0027,74.0591,2.9,Shahrah-e-Faisal,TRAFFIC_JAM,London
131,31.1699,68.0719,6.8,M-2 Motorway,ROAD_CLOSURE,Pakistan
132,33.2348,71.5147,7.2,Shahrah-e-Faisal,ROAD_WORKS,Pakistan
133,36.9801,69.0116,3.0,Ring Road,ROAD_WORKS,London
134,34.4269,71.8069,6.0,GT Road,ROAD_WORKS,Pakistan
135,36.796,72.4374,3.1,GT Road,ROAD_WORKS,Pakistan
136,33.2578,68.2364,3.2,GT Road,ROAD_CLOSURE,London
137,35.3155,73.8427,8.4,M-2 Motorway,ROAD_CLOSURE,London
138,29.4435,67.0337,8.6,Mall Road,ACCIDENT,London
139,27.7037,70.01,7.1,M-2 Motorway,ROAD_CLOSURE,Pakistan
140,25.5786,73.2259,1.8,Peshawar Rd,ROAD_CLOSURE,Pakistan
141,28.6539,69.9942,6.7,GT Road,ROAD_CLOSURE,London
142,28.2237,72.3994,9.3,Mall Road,TRAFFIC_JAM,London
143,26.8074,70.8216,7.8,Peshawar Rd,ROAD_WORKS,London
144,28.0836,73.4661,6.1,Mall Road,TRAFFIC_JAM,London
145,33.3536,69.3234,6.7,Peshawar Rd,TRAFFIC_JAM,Pakistan
146,25.1006,68.6873,4.4,Peshawar Rd,ROAD_CLOSURE,London
147,27.1257,67.6959,7.9,Ring Road,ROAD_WORKS,London
148,32.1601,72.99,3.1,Mall Road,ROAD_CLOSURE,Pakistan
149,24.0565,68.7438,6.7,M-2 Motorway,ACCIDENT,Pakistan
150,30.4311,74.2187,3.0,Shahrah-e-Faisal,ROAD_CLOSURE,Pakistan
151,34.5685,70.6396,6.1,Ring Road,ROAD_WORKS,Pakistan
152,34.6216,71.111,9.7,GT Road,ACCIDENT,London
153,32.8972,68.235,2.8,Shahrah-e-Faisal,ROAD_WORKS,Pakistan
154,31.1986,69.5891,5.9,M-2 Motorway,ACCIDENT,London
155,35.9221,73.022,7.1,Ring Road,ROAD_CLOSURE,Pakistan
156,29.4295,73.261,7.4,Mall Road,TRAFFIC_JAM,London
157,25.2951,67.6333,8.1,Mall Road,ROAD_WORKS,London
158,29.5788,71.6313,4.9,GT Road,ACCIDENT,Pakistan
159,25.128,68.9043,7.9,Ring Road,TRAFFIC_JAM,London
160,33.4095,70.2569,2.2,GT Road,ACCIDENT,London
161,35.5819,71.9506,6.2,Peshawar Rd,ACCIDENT,Pakistan
162,30.2171,67.5484,4.6,Shahrah-e-Faisal,TRAFFIC_JAM,London
163,32.55,69.7812,9.1,Ring Road,ROAD_WORKS,Pakistan
164,27.4987,68.8313,5.5,GT Road,ROAD_WORKS,Pakistan
165,36.6767,72.3163,5.6,Mall Road,ROAD_CLOSURE,London
166,26.1388,73.0365,4.3,GT Road,ROAD_CLOSURE,Pakistan
167,30.5759,71.6729,3.6,Peshawar Rd,TRAFFIC_JAM,London
168,25.4987,70.9051,3.5,Mall Road,TRAFFIC_JAM,Pakistan
169,29.8049,71.6663,9.4,Peshawar Rd,ROAD_WORKS,London
170,24.8863,71.6593,7.6,Mall Road,ACCIDENT,London
171,33.0804,73.0908,2.6,GT Road,TRAFFIC_JAM,London
172,35.5233,72.6708,3.4,Peshawar Rd,ACCIDENT,Pakistan
173,34.1681,70.772,1.2,Peshawar Rd,ROAD_CLOSURE,Pakistan
174,36.3682,74.5121,7.2,GT Road,ROAD_WORKS,Pakistan
175,31.1742,70.5736,4.5,Mall Road,ACCIDENT,London
176,25.3508,70.6952,5.7,Mall Road,ACCIDENT,London
177,27.2409,68.2517,3.3,GT Road,ROAD_WORKS,Pakistan
178,30.5826,74.9897,4.3,Mall Road,ROAD_CLOSURE,London
179,36.9233,73.0315,7.7,Ring Road,ROAD_WORKS,Pakistan
180,24.8676,74.0885,3.0,Mall Road,ACCIDENT,London
181,26.4066,71.5151,5.0,GT Road,ROAD_CLOSURE,London
182,26.1358,67.1297,6.4,Shahrah-e-Faisal,ROAD_CLOSURE,London
183,36.0384,72.2804,1.1,Peshawar Rd,TRAFFIC_JAM,London
184,35.9198,71.8791,9.1,M-2 Motorway,ROAD_WORKS,Pakistan
185,24.017,74.1076,7.3,Ring Road,ROAD_CLOSURE,Pakistan
186,32.1264,68.3354,5.6,Peshawar Rd,ROAD_CLOSURE,London
187,26.3043,73.755,9.2,Peshawar Rd,ROAD_CLOSURE,London
188,35.6478,71.1092,4.6,Mall Road,ROAD_WORKS,London
189,35.6039,68.6896,6.3,GT Road,ROAD_WORKS,London
190,25.5532,70.9228,8.7,Peshawar Rd,ROAD_WORKS,Pakistan
191,35.0874,68.6429,4.8,M-2 Motorway,ROAD_WORKS,London
192,34.8571,72.951,9.3,Ring Road,TRAFFIC_JAM,London
193,31.6527,73.5551,9.5,Ring Road,ROAD_CLOSURE,London
194,29.9546,74.9832,7.0,Peshawar Rd,ROAD_WORKS,London
195,26.1898,70.7052,1.2,Ring Road,ACCIDENT,Pakistan
196,33.484,72.9453,2.0,Peshawar Rd,ROAD_WORKS,Pakistan
197,24.47,71.6666,3.4,Shahrah-e-Faisal,ACCIDENT,London
198,32.9601,74.8408,6.7,Mall Road,ROAD_WORKS,Pakistan
199,26.1347,71.8182,7.4,Ring Road,ACCIDENT,London
200,30.9822,70.9797,8.8,Mall Road,ROAD_WORKS,London
201,36.2213,74.5604,3.4,GT Road,ROAD_WORKS,Pakistan
202,32.6098,68.2786,2.4,Ring Road,ROAD_CLOSURE,London
203,29.332,69.4954,5.3,Ring Road,ROAD_CLOSURE,Pakistan
204,32.3287,67.2689,6.1,Shahrah-e-Faisal,ACCIDENT,London
205,25.5347,72.4327,2.8,GT Road,ROAD_CLOSURE,London
206,29.8072,67.8572,2.3,Mall Road,ROAD_CLOSURE,London
207,26.0782,73.7705,4.3,Peshawar Rd,TRAFFIC_JAM,Pakistan
208,26.384,73.9608,3.1,Peshawar Rd,ROAD_CLOSURE,London
209,24.4645,72.6136,3.3,GT Road,ROAD_CLOSURE,London
210,35.018,74.5009,8.6,GT Road,ROAD_WORKS,Pakistan
211,35.2213,68.7045,4.7,Peshawar Rd,ROAD_CLOSURE,Pakistan
212,36.1868,67.261,6.9,Mall Road,TRAFFIC_JAM,London
213,34.7224,72.8005,4.2,Shahrah-e-Faisal,ACCIDENT,London
214,25.9893,71.685,6.5,Shahrah-e-Faisal,TRAFFIC_JAM,London
215,33.3331,74.8598,2.4,GT Road,TRAFFIC_JAM,London
216,35.2979,71.3696,1.1,GT Road,TRAFFIC_JAM,London
217,36.8468,68.3947,5.5,Shahrah-e-Faisal,ACCIDENT,Pakistan
218,33.7198,68.2586,5.4,M-2 Motorway,ROAD_WORKS,Pakistan
219,34.2078,69.9856,8.9,Peshawar Rd,ACCIDENT,London
220,27.5866,70.9994,8.3,Mall Road,TRAFFIC_JAM,Pakistan
221,24.4353,67.7389,6.9,Ring Road,ROAD_WORKS,Pakistan
222,30.8168,72.5683,7.5,Shahrah-e-Faisal,ACCIDENT,Pakistan
223,36.1359,71.1438,4.6,Shahrah-e-Faisal,TRAFFIC_JAM,Pakistan
224,32.5238,73.1311,4.3,Shahrah-e-Faisal,ROAD_CLOSURE,London
225,35.8477,71.5364,6.7,GT Road,TRAFFIC_JAM,Pakistan
226,36.1515,73.7978,2.3,Shahrah-e-Faisal,TRAFFIC_JAM,London
227,28.7082,71.8301,2.0,Mall Road,TRAFFIC_JAM,Pakistan
228,24.0615,69.4791,7.7,Peshawar Rd,TRAFFIC_JAM,Pakistan
229,28.8712,73.3937,7.6,Shahrah-e-Faisal,ACCIDENT,Pakistan
230,24.5804,69.1835,2.8,Ring Road,ROAD_WORKS,Pakistan
231,24.9881,68.7843,9.3,M-2 Motorway,ACCIDENT,London
232,35.0637,74.5062,2.5,Mall Road,ROAD_CLOSURE,Pakistan
233,29.6128,67.2161,8.6,Ring Road,ROAD_WORKS,London
234,33.8536,71.9002,7.5,Mall Road,ROAD_WORKS,London
235,25.4868,74.4064,7.4,M-2 Motorway,ROAD_CLOSURE,London
236,30.0621,73.1251,7.1,M-2 Motorway,TRAFFIC_JAM,London
237,24.6484,72.3983,5.3,Mall Road,ROAD_WORKS,Pakistan
238,29.8523,73.412,2.7,GT Road,TRAFFIC_JAM,London
239,27.3362,72.3901,6.6,M-2 Motorway,ROAD_CLOSURE,London
240,28.0263,71.1075,6.6,M-2 Motorway,ROAD_CLOSURE,Pakistan
241,33.8107,70.8133,4.9,Mall Road,ROAD_CLOSURE,London
242,24.3093,70.9971,8.3,Shahrah-e-Faisal,TRAFFIC_JAM,Pakistan
243,25.6559,72.9534,2.4,Mall Road,ROAD_CLOSURE,Pakistan
244,35.9426,74.347,6.0,Mall Road,ACCIDENT,London
245,24.3022,67.2219,2.6,Ring Road,ROAD_WORKS,London
246,28.6305,69.6084,9.4,Peshawar Rd,TRAFFIC_JAM,London
247,33.2914,74.0434,8.9,M-2 Motorway,ROAD_CLOSURE,London
248,25.5355,67.5387,5.9,M-2 Motorway,TRAFFIC_JAM,London
249,35.9335,72.4921,5.2,Peshawar Rd,ACCIDENT,London
250,30.4927,74.6354,4.4,M-2 Motorway,ROAD_CLOSURE,London
251,34.4013,72.3838,5.5,Peshawar Rd,TRAFFIC_JAM,Pakistan
252,25.2112,71.1948,5.3,Peshawar Rd,ACCIDENT,Pakistan
253,24.9152,70.9819,2.9,Peshawar Rd,ROAD_CLOSURE,Pakistan
254,36.9865,68.9447,2.8,Shahrah-e-Faisal,ROAD_WORKS,Pakistan
255,27.4796,70.9362,4.9,Peshawar Rd,ACCIDENT,Pakistan
256,36.9647,67.7317,3.4,Peshawar Rd,ROAD_WORKS,London
257,31.7455,67.0665,2.4,Ring Road,ROAD_CLOSURE,London
258,28.7366,74.4167,4.0,GT Road,ROAD_WORKS,London
259,30.0445,73.342,4.1,Ring Road,ROAD_WORKS,Pakistan
260,26.3334,67.7994,2.8,Mall Road,TRAFFIC_JAM,London
261,28.3554,74.1029,6.3,M-2 Motorway,ROAD_CLOSURE,Pakistan
262,31.2678,73.2334,8.2,Peshawar Rd,ACCIDENT,London
263,26.4268,74.3918,8.9,M-2 Motorway,ACCIDENT,London
264,35.6291,70.8835,2.9,GT Road,TRAFFIC_JAM,Pakistan
265,35.7646,68.0672,3.3,GT Road,ROAD_WORKS,London
266,31.5043,74.1646,3.8,Shahrah-e-Faisal,ACCIDENT,Pakistan
267,35.8907,72.8817,5.9,Mall Road,ROAD_WORKS,Pakistan
268,25.1538,71.49,4.4,M-2 Motorway,TRAFFIC_JAM,London
269,31.0186,68.3914,9.6,Peshawar Rd,TRAFFIC_JAM,London
270,26.2339,74.6289,8.7,Shahrah-e-Faisal,ACCIDENT,Pakistan
271,29.0899,72.1859,7.1,Ring Road,ROAD_CLOSURE,London
272,35.8222,68.8031,4.2,Shahrah-e-Faisal,ROAD_WORKS,Pakistan
273,30.1172,71.2363,2.5,Mall Road,ACCIDENT,London
274,26.5235,72.2812,5.2,Mall Road,TRAFFIC_JAM,London
275,29.6083,67.8831,7.7,Ring Road,TRAFFIC_JAM,Pakistan
276,34.0035,73.8968,2.6,Ring Road,ROAD_CLOSURE,Pakistan
277,24.1514,71.564,9.6,GT Road,ROAD_CLOSURE,Pakistan
278,24.3493,68.6829,8.1,Peshawar Rd,ROAD_WORKS,Pakistan
279,27.2999,71.6931,4.7,Peshawar Rd,ROAD_CLOSURE,Pakistan
280,32.2932,67.1002,8.3,Ring Road,TRAFFIC_JAM,Pakistan
281,27.1848,72.1875,3.0,GT Road,ACCIDENT,London
282,29.1043,72.2753,5.3,Peshawar Rd,ACCIDENT,Pakistan
283,27.3218,68.3942,8.4,Mall Road,ROAD_CLOSURE,London
284,24.7857,68.1101,9.4,Shahrah-e-Faisal,ACCIDENT,London
285,28.2302,74.0286,1.4,Ring Road,TRAFFIC_JAM,Pakistan
286,27.596,74.3413,6.5,GT Road,ROAD_WORKS,London
287,25.1348,67.3498,5.4,GT Road,ACCIDENT,London
288,28.0866,71.3139,3.5,GT Road,ROAD_WORKS,London
289,28.1505,69.6758,5.4,M-2 Motorway,ACCIDENT,London
290,27.2745,69.2118,5.9,Peshawar Rd,ROAD_WORKS,Pakistan
291,29.3837,67.8903,5.7,M-2 Motorway,ROAD_CLOSURE,London
292,27.8833,67.1957,7.1,GT Road,TRAFFIC_JAM,Pakistan
293,29.6663,73.6478,6.5,Ring Road,ROAD_CLOSURE,London
294,26.4353,71.981,1.0,Ring Road,ROAD_WORKS,London
295,26.7191,73.8562,4.3,Ring Road,TRAFFIC_JAM,Pakistan
296,33.7807,69.8372,8.7,Mall Road,ACCIDENT,London
297,33.4,74.3788,2.2,GT Road,ROAD_WORKS,London
298,25.1536,74.5353,4.9,Peshawar Rd,ROAD_WORKS,Pakistan
299,24.8915,74.5881,5.3,Shahrah-e-Faisal,ROAD_WORKS,Pakistan
300,29.8306,72.6764,8.2,Shahrah-e-Faisal,ACCIDENT,Pakistan
301,24.7599,68.7242,2.8,Ring Road,TRAFFIC_JAM,Pakistan
302,30.69,72.6521,5.8,Ring Road,TRAFFIC_JAM,London
303,26.8549,74.0987,1.5,Shahrah-e-Faisal,ROAD_WORKS,London
304,24.2315,74.9976,8.1,Shahrah-e-Faisal,ROAD_WORKS,London
305,29.1278,71.012,4.2,Shahrah-e-Faisal,TRAFFIC_JAM,London
306,31.3716,73.3198,3.6,Shahrah-e-Faisal,TRAFFIC_JAM,London
307,33.881,74.3443,5.4,M-2 Motorway,TRAFFIC_JAM,London
308,29.2611,67.1747,9.9,GT Road,ROAD_CLOSURE,London
309,30.868,73.2458,8.0,Ring Road,ROAD_WORKS,Pakistan
310,28.9515,70.7294,7.0,M-2 Motorway,ROAD_CLOSURE,London
311,31.8644,74.9295,9.6,Mall Road,ROAD_WORKS,London
312,28.4652,72.6113,4.3,Mall Road,ROAD_WORKS,Pakistan
313,29.1836,74.8297,9.5,Peshawar Rd,ROAD_WORKS,London
314,34.3515,69.0314,5.6,GT Road,ROAD_CLOSURE,Pakistan
315,36.3106,69.55,4.1,Mall Road,TRAFFIC_JAM,Pakistan
316,28.411,72.1309,3.6,Mall Road,ROAD_CLOSURE,London
317,36.2353,74.7376,9.7,Ring Road,TRAFFIC_JAM,London
318,29.8667,70.2427,5.6,Peshawar Rd,ROAD_CLOSURE,London
319,34.8776,71.8453,1.3,Ring Road,ROAD_WORKS,London
320,27.7044,73.0942,6.1,Peshawar Rd,ROAD_WORKS,Pakistan
321,26.4796,72.473,4.2,GT Road,TRAFFIC_JAM,London
322,32.3395,72.9816,1.7,GT Road,TRAFFIC_JAM,Pakistan
323,32.2183,72.9426,4.5,Peshawar Rd,TRAFFIC_JAM,Pakistan
324,29.1799,72.3851,6.2,Ring Road,ACCIDENT,London
325,36.6972,70.7876,7.1,M-2 Motorway,ROAD_WORKS,Pakistan
326,29.9964,70.4108,5.2,Mall Road,ACCIDENT,London
327,36.9055,74.4728,4.3,Shahrah-e-Faisal,ROAD_WORKS,Pakistan
328,28.2025,74.7506,9.8,M-2 Motorway,ROAD_WORKS,Pakistan
329,33.4241,74.0344,4.3,Shahrah-e-Faisal,ROAD_WORKS,London
330,29.2934,73.6462,4.9,M-2 Motorway,TRAFFIC_JAM,London
331,26.2298,73.2171,5.1,M-2 Motorway,ROAD_WORKS,London
332,30.7507,71.9197,9.4,Ring Road,ACCIDENT,Pakistan
333,33.5299,68.0396,5.7,GT Road,TRAFFIC_JAM,London
334,35.1237,71.9465,3.9,Ring Road,ACCIDENT,London
335,28.8881,72.4748,7.2,Mall Road,TRAFFIC_JAM,London
336,26.7287,69.8742,6.2,Mall Road,ACCIDENT,Pakistan
337,33.5632,74.4217,4.2,Mall Road,TRAFFIC_JAM,Pakistan
338,26.6878,71.1911,8.4,M-2 Motorway,ROAD_CLOSURE,Pakistan
339,26.8784,72.2504,8.7,M-2 Motorway,ROAD_WORKS,London
340,30.6593,71.3018,9.2,Peshawar Rd,ROAD_WORKS,London
341,24.2423,74.1131,3.5,Peshawar Rd,ACCIDENT,London
342,28.1209,72.3532,5.8,M-2 Motorway,ROAD_CLOSURE,London
343,28.3838,68.1298,2.0,Shahrah-e-Faisal,TRAFFIC_JAM,Pakistan
344,24.7165,73.7219,5.7,Shahrah-e-Faisal,ACCIDENT,London
345,28.2051,73.3181,2.9,M-2 Motorway,ROAD_WORKS,London
346,34.6613,70.5732,8.7,M-2 Motorway,ROAD_CLOSURE,Pakistan
347,32.7729,67.3868,6.2,GT Road,ROAD_CLOSURE,Pakistan
348,34.8484,72.8575,3.9,Mall Road,ROAD_CLOSURE,Pakistan
349,25.6333,70.7,7.7,GT Road,TRAFFIC_JAM,Pakistan
350,24.4263,68.9603,3.6,Ring Road,TRAFFIC_JAM,London
351,30.5421,69.4904,6.6,Ring Road,ROAD_CLOSURE,London
352,33.7034,70.1838,9.0,Peshawar Rd,ACCIDENT,London
353,34.7449,72.0411,1.1,Peshawar Rd,TRAFFIC_JAM,London
354,36.8652,69.6888,3.0,Mall Road,ROAD_WORKS,Pakistan
355,32.806,70.3515,4.0,M-2 Motorway,ACCIDENT,London
356,24.2394,74.8087,6.7,M-2 Motorway,ACCIDENT,Pakistan
357,36.7869,74.0665,2.8,M-2 Motorway,TRAFFIC_JAM,Pakistan
358,33.3114,72.224,2.0,Ring Road,ROAD_CLOSURE,London
359,34.5268,69.894,3.2,GT Road,ACCIDENT,Pakistan
360,29.3455,71.8389,9.6,Mall Road,TRAFFIC_JAM,Pakistan
361,30.4403,69.2506,8.9,Ring Road,ACCIDENT,Pakistan
362,29.5507,73.2136,9.2,Mall Road,ROAD_CLOSURE,Pakistan
363,36.2447,73.2599,4.2,M-2 Motorway,ROAD_CLOSURE,London
364,33.6181,73.0961,7.2,Mall Road,ROAD_WORKS,Pakistan
365,25.1161,70.1592,2.6,Shahrah-e-Faisal,TRAFFIC_JAM,Pakistan
366,29.0161,73.663,8.3,Mall Road,ROAD_WORKS,Pakistan
367,26.6695,74.9675,2.9,Ring Road,ROAD_WORKS,London
368,31.1229,67.9815,9.2,Peshawar Rd,TRAFFIC_JAM,Pakistan
369,36.4002,68.7382,3.5,Mall Road,ROAD_WORKS,London
370,32.4228,71.8691,4.6,Shahrah-e-Faisal,TRAFFIC_JAM,Pakistan
371,36.6424,70.7208,7.5,Ring Road,TRAFFIC_JAM,Pakistan
372,31.338,70.5123,1.7,Shahrah-e-Faisal,TRAFFIC_JAM,Pakistan
373,30.4664,70.7975,1.6,M-2 Motorway,ACCIDENT,London
374,30.1078,68.1444,3.6,M-2 Motorway,ROAD_CLOSURE,London
375,30.0771,73.7966,1.6,Mall Road,ROAD_WORKS,London
376,26.2649,68.142,3.4,Ring Road,ACCIDENT,Pakistan
377,36.5783,72.8328,7.6,M-2 Motorway,ROAD_CLOSURE,London
378,35.1013,68.5633,4.1,M-2 Motorway,ROAD_CLOSURE,Pakistan
379,35.5112,68.8815,6.6,Shahrah-e-Faisal,ROAD_CLOSURE,Pakistan
380,34.1663,73.1163,4.0,M-2 Motorway,ACCIDENT,Pakistan
381,36.4011,71.3792,8.7,GT Road,TRAFFIC_JAM,Pakistan
382,31.3958,73.9507,7.6,Ring Road,ACCIDENT,Pakistan
383,27.7461,72.9592,7.2,M-2 Motorway,ROAD_WORKS,London
384,29.0374,71.5167,3.7,GT Road,ACCIDENT,Pakistan
385,25.412,70.8935,9.8,Ring Road,ROAD_CLOSURE,Pakistan
386,30.678,74.0622,8.5,Mall Road,ACCIDENT,Pakistan
387,34.001,74.185,5.2,Shahrah-e-Faisal,ROAD_CLOSURE,Pakistan
388,32.7122,69.5197,1.4,Ring Road,ACCIDENT,Pakistan
389,25.7391,68.1341,7.0,Mall Road,ROAD_CLOSURE,Pakistan
390,32.9583,67.8793,3.5,Mall Road,ROAD_CLOSURE,Pakistan
391,24.179,74.5754,8.6,Peshawar Rd,TRAFFIC_JAM,London
392,33.4929,68.7889,2.3,Peshawar Rd,TRAFFIC_JAM,London
393,25.4576,73.1921,9.0,Mall Road,ACCIDENT,Pakistan
394,34.9059,69.5545,8.0,Shahrah-e-Faisal,ROAD_CLOSURE,London
395,29.5987,68.9637,9.2,Mall Road,ROAD_CLOSURE,Pakistan
396,24.4107,72.8046,6.6,Peshawar Rd,ROAD_WORKS,London
397,29.5002,67.8416,4.6,M-2 Motorway,ROAD_WORKS,London
398,26.9927,70.1871,6.5,GT Road,TRAFFIC_JAM,Pakistan
399,26.4358,73.1491,3.6,M-2 Motorway,ROAD_CLOSURE,Pakistan
400,36.2233,68.2458,3.4,Peshawar Rd,ROAD_WORKS,London
401,33.923,73.27,1.5,Ring Road,ROAD_CLOSURE,Pakistan
402,26.7141,73.568,1.2,Shahrah-e-Faisal,TRAFFIC_JAM,London
403,28.1899,74.4037,3.8,M-2 Motorway,ACCIDENT,Pakistan
404,29.5455,71.8752,4.0,M-2 Motorway,TRAFFIC_JAM,Pakistan
405,27.8277,70.8419,8.7,GT Road,ROAD_WORKS,London
406,32.4919,69.4456,8.4,M-2 Motorway,ROAD_CLOSURE,London
407,32.2279,74.277,4.7,Mall Road,ACCIDENT,London
408,34.2132,71.3475,2.9,M-2 Motorway,ROAD_CLOSURE,London
409,30.9308,72.691,3.8,M-2 Motorway,ROAD_WORKS,Pakistan
410,35.5931,73.2934,8.9,Ring Road,ROAD_WORKS,London
411,30.5553,72.2539,1.3,GT Road,ROAD_WORKS,Pakistan
412,25.5588,72.1207,2.4,Mall Road,ROAD_WORKS,London
413,26.1,71.9429,3.4,Mall Road,TRAFFIC_JAM,Pakistan
414,25.6593,74.1505,8.7,GT Road,ROAD_CLOSURE,London
415,32.3034,71.1956,6.3,Shahrah-e-Faisal,TRAFFIC_JAM,London
416,24.447,67.5188,8.0,M-2 Motorway,ROAD_CLOSURE,London
417,29.5467,70.9796,2.2,M-2 Motorway,TRAFFIC_JAM,Pakistan
418,25.7621,69.3372,1.4,M-2 Motorway,ROAD_CLOSURE,Pakistan
419,27.0337,68.7414,7.1,GT Road,TRAFFIC_JAM,Pakistan
420,28.2391,72.9982,1.2,Mall Road,TRAFFIC_JAM,Pakistan
421,25.6664,67.8767,3.4,M-2 Motorway,ACCIDENT,Pakistan
422,24.6391,71.4296,5.3,Ring Road,TRAFFIC_JAM,Pakistan
423,36.5433,68.2703,3.5,Shahrah-e-Faisal,ROAD_CLOSURE,London
424,35.4851,67.2906,1.7,GT Road,ACCIDENT,Pakistan
425,34.6745,67.7197,5.1,Shahrah-e-Faisal,ROAD_WORKS,London
426,33.8471,74.3876,1.5,Peshawar Rd,ROAD_WORKS,Pakistan
427,31.7657,68.896,1.2,Peshawar Rd,TRAFFIC_JAM,Pakistan
428,27.5154,70.0434,3.3,Ring Road,ROAD_CLOSURE,Pakistan
429,30.3501,68.9408,1.5,M-2 Motorway,TRAFFIC_JAM,Pakistan
430,35.5852,69.1689,6.1,Peshawar Rd,ACCIDENT,Pakistan
431,36.5301,72.161,3.1,Ring Road,ROAD_WORKS,London
432,32.9532,68.8238,8.3,Shahrah-e-Faisal,ACCIDENT,London
433,25.8614,67.0736,7.6,Ring Road,ROAD_WORKS,London
434,32.4101,73.7342,5.8,GT Road,ROAD_WORKS,Pakistan
435,32.2578,72.8945,3.7,Ring Road,ROAD_WORKS,Pakistan
436,26.8064,70.6181,3.6,Mall Road,ACCIDENT,Pakistan
437,26.267,69.6199,9.8,Mall Road,ACCIDENT,Pakistan
438,31.7027,69.8633,7.9,Mall Road,TRAFFIC_JAM,London
439,31.198,68.3077,5.2,Mall Road,ACCIDENT,London
440,27.7645,68.7479,8.3,GT Road,ROAD_CLOSURE,Pakistan
441,28.4067,71.1068,2.8,Mall Road,TRAFFIC_JAM,London
442,33.322,74.3346,6.2,Shahrah-e-Faisal,TRAFFIC_JAM,Pakistan
443,25.7476,70.4955,7.3,Shahrah-e-Faisal,TRAFFIC_JAM,Pakistan
444,25.3731,68.8113,4.6,Ring Road,TRAFFIC_JAM,Pakistan
445,36.7797,73.6248,9.8,Mall Road,TRAFFIC_JAM,London
446,29.3246,67.5892,2.2,M-2 Motorway,TRAFFIC_JAM,Pakistan
447,32.0059,67.0882,2.6,M-2 Motorway,ROAD_CLOSURE,London
448,29.9636,74.4239,3.9,M-2 Motorway,ROAD_CLOSURE,Pakistan
449,36.235,68.1069,7.6,Ring Road,ACCIDENT,London
450,28.3508,72.0362,2.3,Peshawar Rd,ROAD_CLOSURE,Pakistan
451,27.1127,69.1899,2.1,Peshawar Rd,ROAD_CLOSURE,Pakistan
452,32.7363,71.2996,8.9,GT Road,ACCIDENT,Pakistan
453,25.1314,74.867,4.1,M-2 Motorway,ROAD_WORKS,London
454,31.9778,69.7181,3.8,GT Road,TRAFFIC_JAM,London
455,35.711,74.9289,4.8,Ring Road,ROAD_CLOSURE,Pakistan
456,35.6399,67.1819,7.2,GT Road,TRAFFIC_JAM,London
457,34.9945,67.2729,7.4,Ring Road,ACCIDENT,London
458,28.8125,69.4182,3.2,Ring Road,ROAD_WORKS,Pakistan
459,33.6153,73.9062,7.6,Shahrah-e-Faisal,ROAD_WORKS,London
460,33.0257,71.9122,9.8,Shahrah-e-Faisal,ACCIDENT,London
461,33.4783,72.7284,2.2,Mall Road,ROAD_CLOSURE,London
462,31.6639,70.6291,4.7,Mall Road,TRAFFIC_JAM,Pakistan
463,32.9073,69.1368,8.3,GT Road,ROAD_CLOSURE,Pakistan
464,28.2166,67.3083,4.4,Peshawar Rd,ROAD_CLOSURE,Pakistan
465,34.4727,71.6804,1.6,M-2 Motorway,ROAD_WORKS,Pakistan
466,26.0094,72.3535,3.6,M-2 Motorway,ROAD_CLOSURE,London
467,29.8123,68.1555,5.0,Mall Road,ROAD_WORKS,Pakistan
468,32.9003,67.8602,6.1,M-2 Motorway,ROAD_CLOSURE,Pakistan
469,34.01,68.0629,3.6,Peshawar Rd,TRAFFIC_JAM,Pakistan
470,34.0922,71.5284,6.6,M-2 Motorway,ROAD_WORKS,Pakistan
471,30.8422,70.3262,3.1,Peshawar Rd,ACCIDENT,London
472,33.8965,70.9463,4.7,M-2 Motorway,ROAD_CLOSURE,London
473,26.4361,70.0851,1.7,GT Road,ROAD_WORKS,Pakistan
474,36.8606,67.842,6.4,Ring Road,ROAD_CLOSURE,London
475,24.6597,74.4727,5.3,M-2 Motorway,ACCIDENT,Pakistan
476,26.7148,70.937,4.3,Mall Road,ACCIDENT,Pakistan
477,29.9097,73.7785,9.3,Ring Road,ROAD_WORKS,London
478,27.3339,74.4695,6.6,GT Road,ROAD_CLOSURE,London
479,31.7059,71.6363,8.7,Mall Road,ROAD_CLOSURE,London
480,35.8657,73.9714,1.0,Shahrah-e-Faisal,ROAD_WORKS,Pakistan
481,25.1275,73.253,8.0,Ring Road,ROAD_WORKS,London
482,35.3692,73.8268,9.0,Shahrah-e-Faisal,ROAD_CLOSURE,London
483,34.3661,69.5458,5.6,GT Road,TRAFFIC_JAM,Pakistan
484,34.1868,70.8996,8.7,Mall Road,ROAD_CLOSURE,Pakistan
485,24.4016,70.9347,5.9,Ring Road,ACCIDENT,Pakistan
486,35.2912,70.1615,2.9,GT Road,ROAD_CLOSURE,London
487,32.8015,67.3564,4.0,GT Road,ACCIDENT,London
488,26.5837,69.7107,5.2,GT Road,ROAD_WORKS,Pakistan
489,34.6226,72.6378,8.7,M-2 Motorway,ROAD_WORKS,Pakistan
490,31.657,69.5582,5.3,M-2 Motorway,ROAD_CLOSURE,London
491,27.1885,69.7022,1.8,Mall Road,ACCIDENT,Pakistan
492,27.9087,69.5213,2.3,M-2 Motorway,TRAFFIC_JAM,London
493,36.5334,72.422,1.6,GT Road,ROAD_WORKS,London
494,25.1733,69.1747,7.0,M-2 Motorway,ROAD_CLOSURE,London
495,26.3023,73.8344,4.4,Peshawar Rd,TRAFFIC_JAM,Pakistan
496,36.4157,69.5825,6.3,GT Road,ACCIDENT,Pakistan
497,24.9159,68.0593,8.0,Mall Road,ACCIDENT,London
498,32.2988,71.8899,9.2,Shahrah-e-Faisal,ROAD_CLOSURE,London
499,25.7629,71.2582,8.2,Shahrah-e-Faisal,ROAD_WORKS,London
500,31.4161,70.1055,9.6,M-2 Motorway,ROAD_CLOSURE,London
501,24.2061,69.7816,5.9,Mall Road,ACCIDENT,Pakistan
502,34.5723,72.4203,9.6,Ring Road,ROAD_CLOSURE,Pakistan
503,30.8514,68.0836,3.5,GT Road,ROAD_CLOSURE,London
504,28.9653,74.1219,1.4,Shahrah-e-Faisal,ACCIDENT,Pakistan
505,25.9383,67.6544,1.4,Mall Road,ROAD_WORKS,London
506,36.2892,67.7267,2.3,Ring Road,ACCIDENT,London
507,33.8423,73.6175,8.4,GT Road,TRAFFIC_JAM,Pakistan
508,32.6496,74.9725,5.5,M-2 Motorway,ACCIDENT,Pakistan
509,32.6488,73.4598,4.5,Ring Road,ROAD_WORKS,Pakistan
510,36.2757,70.6623,6.5,GT Road,TRAFFIC_JAM,London
511,30.2847,72.0884,5.7,GT Road,TRAFFIC_JAM,Pakistan
512,31.1031,70.7513,5.4,Mall Road,TRAFFIC_JAM,Pakistan
513,29.3017,68.7714,6.4,Mall Road,TRAFFIC_JAM,Pakistan
514,29.1274,72.4642,9.8,Peshawar Rd,ROAD_WORKS,London
515,31.0097,69.8209,2.1,GT Road,ROAD_CLOSURE,Pakistan
516,29.4395,69.7867,2.5,Peshawar Rd,ROAD_CLOSURE,Pakistan
517,29.4136,70.0377,10.0,Ring Road,ROAD_CLOSURE,Pakistan
518,32.8337,71.4955,1.2,Peshawar Rd,TRAFFIC_JAM,Pakistan
519,35.0916,68.8691,5.8,Shahrah-e-Faisal,ACCIDENT,Pakistan
520,26.8548,73.8939,2.3,M-2 Motorway,ROAD_CLOSURE,London
521,28.6105,70.9265,2.1,Peshawar Rd,TRAFFIC_JAM,Pakistan
522,24.0672,74.113,2.6,Peshawar Rd,ROAD_WORKS,Pakistan
523,27.0281,67.6561,6.0,Mall Road,ACCIDENT,London
524,35.8569,70.0596,1.2,Mall Road,ROAD_WORKS,Pakistan
525,32.4831,67.2465,7.7,Ring Road,ACCIDENT,Pakistan
526,30.0099,73.1037,5.7,Mall Road,ROAD_CLOSURE,London
527,31.3841,71.5195,8.0,Ring Road,ACCIDENT,Pakistan
528,32.7633,67.4486,7.7,Mall Road,ACCIDENT,London
529,25.5871,73.8434,4.2,GT Road,ACCIDENT,London
530,30.1057,74.475,7.4,Shahrah-e-Faisal,ROAD_CLOSURE,Pakistan
531,24.449,70.5407,9.1,Ring Road,ROAD_WORKS,London
532,25.9108,69.8072,8.5,Mall Road,ROAD_CLOSURE,Pakistan
533,30.4154,68.5785,7.5,GT Road,ROAD_WORKS,London
534,31.0148,71.887,9.3,M-2 Motorway,ROAD_WORKS,Pakistan
535,32.6555,69.6115,6.7,Ring Road,ROAD_CLOSURE,Pakistan
536,35.291,71.1552,3.5,Shahrah-e-Faisal,ROAD_WORKS,Pakistan
537,25.2493,67.6042,6.5,GT Road,TRAFFIC_JAM,London
538,27.8821,72.7185,9.8,Ring Road,TRAFFIC_JAM,London
539,32.6248,71.4056,7.5,M-2 Motorway,ACCIDENT,London
540,25.3914,68.0633,4.3,M-2 Motorway,TRAFFIC_JAM,Pakistan
541,25.8862,67.5479,6.3,M-2 Motorway,ROAD_CLOSURE,Pakistan
542,34.6235,74.1824,1.5,Ring Road,ROAD_WORKS,Pakistan
543,28.9493,69.9997,4.6,Peshawar Rd,ROAD_WORKS,London
544,24.8633,67.3073,3.9,Shahrah-e-Faisal,ROAD_CLOSURE,London
545,28.0256,67.7988,7.0,Ring Road,TRAFFIC_JAM,Pakistan
546,31.752,72.7811,4.0,M-2 Motorway,ROAD_CLOSURE,London
547,32.8806,69.4439,4.2,M-2 Motorway,ROAD_WORKS,Pakistan
548,28.4462,70.7338,5.6,Peshawar Rd,ROAD_WORKS,London
549,25.5391,69.2588,7.6,M-2 Motorway,TRAFFIC_JAM,Pakistan
550,32.6769,72.4202,7.4,M-2 Motorway,ROAD_CLOSURE,Pakistan
551,26.0567,73.1344,2.1,Ring Road,TRAFFIC_JAM,London
552,30.2071,69.0585,1.4,Ring Road,ROAD_WORKS,Pakistan
553,35.0674,72.5751,9.7,GT Road,ACCIDENT,London
554,31.5947,73.569,1.0,M-2 Motorway,ROAD_WORKS,Pakistan
555,36.0112,71.4812,2.2,Mall Road,ROAD_WORKS,Pakistan
556,29.0085,68.7956,3.1,Peshawar Rd,ROAD_WORKS,Pakistan
557,32.8752,69.581,1.6,Ring Road,ROAD_WORKS,London
558,33.0402,67.6186,3.2,M-2 Motorway,ACCIDENT,Pakistan
559,27.4785,68.2859,3.9,Ring Road,TRAFFIC_JAM,London
560,36.6149,72.887,1.4,Peshawar Rd,ACCIDENT,London
561,26.2544,74.6357,9.5,Mall Road,ROAD_WORKS,Pakistan
562,30.8787,73.4783,4.6,Mall Road,ROAD_CLOSURE,London
563,25.6506,71.0153,2.2,M-2 Motorway,TRAFFIC_JAM,Pakistan
564,30.0632,72.5854,4.3,M-2 Motorway,ACCIDENT,Pakistan
565,27.1396,72.8777,4.7,Ring Road,TRAFFIC_JAM,London
566,25.3708,68.5708,8.5,Ring Road,ACCIDENT,Pakistan
567,24.5005,69.1815,9.2,GT Road,ROAD_WORKS,Pakistan
568,27.7464,73.6035,4.9,M-2 Motorway,ACCIDENT,Pakistan
569,30.5309,71.4105,10.0,Peshawar Rd,ACCIDENT,Pakistan
570,27.7853,73.659,8.6,M-2 Motorway,TRAFFIC_JAM,Pakistan
571,33.4973,67.4464,4.0,Ring Road,TRAFFIC_JAM,Pakistan
572,30.6707,71.8681,2.7,Ring Road,ACCIDENT,Pakistan
573,36.3123,71.4731,5.7,Ring Road,ACCIDENT,Pakistan
574,28.3049,68.1829,7.7,M-2 Motorway,ROAD_WORKS,London
575,25.415,67.8862,4.4,Shahrah-e-Faisal,ROAD_CLOSURE,Pakistan
576,26.1109,68.7859,7.8,Mall Road,TRAFFIC_JAM,London
577,29.6972,72.3964,6.6,Ring Road,ROAD_CLOSURE,Pakistan
578,35.1367,68.9685,2.4,GT Road,ACCIDENT,London
579,27.1062,69.2742,1.9,Mall Road,ROAD_WORKS,London
580,36.7365,68.767,5.3,M-2 Motorway,ROAD_CLOSURE,London
581,35.2725,74.492,8.5,M-2 Motorway,ROAD_CLOSURE,Pakistan
582,36.147,74.0415,1.6,Mall Road,TRAFFIC_JAM,Pakistan
583,29.0133,72.4017,4.3,Peshawar Rd,ROAD_CLOSURE,London
584,34.9006,67.2096,4.7,Ring Road,TRAFFIC_JAM,London
585,31.105,70.3221,7.6,Peshawar Rd,TRAFFIC_JAM,Pakistan
586,27.7623,73.6358,7.9,Peshawar Rd,TRAFFIC_JAM,London
587,29.7069,67.2247,8.2,Mall Road,ROAD_WORKS,Pakistan
588,25.4087,73.113,7.0,Ring Road,ROAD_CLOSURE,London
589,29.0203,74.1579,9.8,Ring Road,TRAFFIC_JAM,Pakistan
590,36.416,70.4337,5.4,Peshawar Rd,ROAD_WORKS,Pakistan
591,26.5225,67.2009,3.1,GT Road,TRAFFIC_JAM,London
592,33.3186,67.2241,6.0,Ring Road,ACCIDENT,London
593,29.4271,67.81,3.6,M-2 Motorway,ROAD_CLOSURE,Pakistan
594,30.0298,67.3173,8.2,Ring Road,TRAFFIC_JAM,London
595,36.8783,71.2053,7.6,GT Road,ROAD_CLOSURE,London
596,24.0486,73.5019,9.4,Mall Road,TRAFFIC_JAM,London
597,30.4875,72.2415,5.7,M-2 Motorway,TRAFFIC_JAM,London
598,25.1564,74.3295,3.3,Ring Road,ROAD_WORKS,London
599,24.1526,68.1339,2.8,Mall Road,ACCIDENT,Pakistan
600,33.4862,74.8836,6.7,Ring Road,TRAFFIC_JAM,London
601,33.0711,69.3905,1.8,Peshawar Rd,TRAFFIC_JAM,London
602,32.7798,74.2342,9.0,GT Road,ROAD_WORKS,London
603,36.8479,73.0525,1.2,Peshawar Rd,TRAFFIC_JAM,Pakistan
604,25.8431,70.5527,3.8,Mall Road,ROAD_WORKS,London
605,27.6591,72.543,2.9,M-2 Motorway,ACCIDENT,London
606,30.8873,71.446,5.8,Mall Road,ROAD_WORKS,London
607,30.0496,70.4997,6.9,Peshawar Rd,TRAFFIC_JAM,London
608,34.8662,71.1943,7.1,Ring Road,ROAD_WORKS,London
609,34.4575,71.9285,1.8,Peshawar Rd,ROAD_WORKS,Pakistan
610,31.8637,74.6214,7.2,GT Road,ROAD_WORKS,Pakistan
611,25.7055,71.0734,8.5,Ring Road,ACCIDENT,London
612,30.6484,70.0946,5.2,Mall Road,ROAD_WORKS,Pakistan
613,24.756,73.4913,3.2,Mall Road,ACCIDENT,London
614,25.166,69.0168,2.3,GT Road,ACCIDENT,Pakistan
615,30.2267,68.9819,9.1,Mall Road,TRAFFIC_JAM,London
616,36.6699,74.2672,6.0,Shahrah-e-Faisal,ROAD_WORKS,Pakistan
617,33.6322,71.4023,5.4,M-2 Motorway,TRAFFIC_JAM,London
618,35.063,70.2278,6.3,Mall Road,TRAFFIC_JAM,London
619,36.9418,72.884,5.1,GT Road,ROAD_CLOSURE,Pakistan
620,35.2037,71.6924,6.8,Shahrah-e-Faisal,ROAD_CLOSURE,Pakistan
621,28.9554,69.9177,6.5,M-2 Motorway,TRAFFIC_JAM,Pakistan
622,30.1287,74.3545,4.6,Shahrah-e-Faisal,ROAD_CLOSURE,London
623,24.5821,67.7009,3.2,Ring Road,ACCIDENT,London
624,25.7681,74.9728,6.5,GT Road,ACCIDENT,London
625,25.3497,74.8046,2.8,Mall Road,ROAD_CLOSURE,London
626,32.5516,74.3979,8.4,Mall Road,TRAFFIC_JAM,London
627,27.5397,72.8537,8.9,GT Road,ROAD_WORKS,London
628,31.1716,73.6843,7.0,M-2 Motorway,ROAD_CLOSURE,Pakistan
629,29.1352,69.9862,9.1,Shahrah-e-Faisal,ACCIDENT,London
630,24.2108,68.0728,6.4,Ring Road,ROAD_WORKS,London
631,32.502,67.1177,7.9,Shahrah-e-Faisal,ROAD_CLOSURE,London
632,36.15,73.5946,4.3,Ring Road,ROAD_CLOSURE,Pakistan
633,33.3241,68.5451,7.3,Shahrah-e-Faisal,ROAD_CLOSURE,Pakistan
634,34.3806,67.5342,4.2,GT Road,ROAD_CLOSURE,London
635,32.7961,68.6248,5.9,GT Road,ROAD_WORKS,London
636,27.2932,73.8268,8.5,Shahrah-e-Faisal,ACCIDENT,Pakistan
637,24.954,71.9225,8.1,Ring Road,ROAD_CLOSURE,Pakistan
638,31.2714,71.5837,5.3,Mall Road,ROAD_CLOSURE,London
639,28.7581,74.7342,9.2,Ring Road,TRAFFIC_JAM,Pakistan
640,31.3552,73.5936,6.8,Ring Road,ROAD_WORKS,London
641,24.1155,74.8323,3.4,Peshawar Rd,TRAFFIC_JAM,Pakistan
642,33.9005,69.8437,3.7,Ring Road,ROAD_WORKS,London
643,32.9306,68.3341,7.9,GT Road,ACCIDENT,London
644,30.1114,71.0364,1.1,M-2 Motorway,ROAD_WORKS,Pakistan
645,34.3985,72.2739,5.1,Peshawar Rd,ROAD_CLOSURE,London
646,26.1767,70.8828,1.1,GT Road,ROAD_CLOSURE,Pakistan
647,36.222,71.9723,5.1,Shahrah-e-Faisal,TRAFFIC_JAM,Pakistan
648,31.226,72.0195,3.3,GT Road,ROAD_WORKS,London
649,25.915,69.896,2.9,M-2 Motorway,ACCIDENT,Pakistan
650,35.1864,70.27,4.2,Mall Road,ROAD_CLOSURE,London
651,29.7943,71.1235,7.5,Peshawar Rd,ROAD_WORKS,London
652,29.2447,74.2006,4.2,GT Road,ROAD_CLOSURE,London
653,36.3667,73.862,1.3,Shahrah-e-Faisal,ROAD_WORKS,Pakistan
654,26.5258,71.5912,4.4,Shahrah-e-Faisal,TRAFFIC_JAM,London
655,25.946,71.6186,9.6,Shahrah-e-Faisal,TRAFFIC_JAM,London
656,32.2662,67.8827,2.3,Peshawar Rd,ROAD_WORKS,Pakistan
657,36.5408,69.714,2.7,GT Road,ROAD_WORKS,Pakistan
658,27.2259,69.7761,7.8,Mall Road,ACCIDENT,Pakistan
659,30.9755,68.5894,5.3,GT Road,ACCIDENT,Pakistan
660,34.7618,69.4562,6.6,Mall Road,TRAFFIC_JAM,London
661,28.062,72.7351,5.8,Mall Road,TRAFFIC_JAM,London
662,27.6974,74.3316,4.2,M-2 Motorway,ROAD_CLOSURE,Pakistan
663,36.5039,72.7489,7.9,Peshawar Rd,ACCIDENT,Pakistan
664,33.0388,69.1104,5.7,Shahrah-e-Faisal,ROAD_CLOSURE,Pakistan
665,28.4878,74.9198,8.1,Mall Road,TRAFFIC_JAM,London
666,24.2774,67.1036,4.5,Shahrah-e-Faisal,TRAFFIC_JAM,London
667,33.4668,74.4189,6.7,Peshawar Rd,ROAD_WORKS,London
668,35.2004,67.6781,2.2,Shahrah-e-Faisal,TRAFFIC_JAM,Pakistan
669,29.3649,70.451,8.1,Shahrah-e-Faisal,TRAFFIC_JAM,Pakistan
670,33.6047,67.3093,6.8,M-2 Motorway,ACCIDENT,Pakistan
671,30.2086,74.8279,7.0,Peshawar Rd,ACCIDENT,Pakistan
672,32.7916,73.0904,3.9,GT Road,TRAFFIC_JAM,London
673,25.7162,70.7365,5.4,M-2 Motorway,TRAFFIC_JAM,London
674,32.6995,71.2091,5.6,M-2 Motorway,ROAD_CLOSURE,Pakistan
675,30.5209,74.7504,5.1,GT Road,ACCIDENT,London
676,27.5516,73.8296,1.4,Ring Road,ACCIDENT,Pakistan
677,26.4687,72.1266,8.3,Ring Road,ROAD_CLOSURE,London
678,33.2395,69.7922,6.1,Ring Road,TRAFFIC_JAM,London
679,33.6871,68.9756,9.1,M-2 Motorway,ACCIDENT,Pakistan
680,33.3669,72.9223,7.1,Ring Road,ACCIDENT,London
681,35.7285,67.8767,4.5,Mall Road,ROAD_CLOSURE,Pakistan
682,26.3746,70.4777,5.9,M-2 Motorway,ACCIDENT,London
683,32.1655,74.5096,8.4,M-2 Motorway,ROAD_CLOSURE,London
684,34.0517,67.9834,8.5,M-2 Motorway,TRAFFIC_JAM,London
685,34.4773,67.4002,5.1,Shahrah-e-Faisal,TRAFFIC_JAM,London
686,34.6959,69.2113,2.8,Shahrah-e-Faisal,ACCIDENT,Pakistan
687,30.3867,69.3403,6.4,Ring Road,ACCIDENT,Pakistan
688,27.5711,73.9387,3.6,Ring Road,ROAD_WORKS,London
689,28.8186,67.7292,6.2,GT Road,ROAD_WORKS,London
690,28.0935,71.6116,3.8,M-2 Motorway,ACCIDENT,London
691,35.9862,74.5119,7.9,GT Road,ACCIDENT,Pakistan
692,31.2479,72.8178,1.0,Shahrah-e-Faisal,ROAD_CLOSURE,Pakistan
693,24.3109,68.4627,1.9,GT Road,TRAFFIC_JAM,Pakistan
694,31.3475,72.8004,6.1,GT Road,ROAD_CLOSURE,Pakistan
695,26.0265,74.5599,3.3,Ring Road,TRAFFIC_JAM,Pakistan
696,24.7507,67.5806,7.1,Peshawar Rd,ROAD_WORKS,London
697,35.5868,69.0309,4.4,M-2 Motorway,ACCIDENT,London
698,29.4106,70.7455,2.5,Shahrah-e-Faisal,ROAD_CLOSURE,London
699,36.3499,70.3129,1.6,Shahrah-e-Faisal,TRAFFIC_JAM,London
700,24.9439,72.3939,2.0,M-2 Motorway,ACCIDENT,London
701,27.4683,74.7632,1.7,Mall Road,ROAD_CLOSURE,Pakistan
702,32.2411,70.6663,7.2,Peshawar Rd,ACCIDENT,Pakistan
703,35.4245,72.8555,9.6,Mall Road,TRAFFIC_JAM,London
704,29.4886,73.8063,6.0,M-2 Motorway,TRAFFIC_JAM,London
705,24.9257,68.0154,2.7,M-2 Motorway,TRAFFIC_JAM,Pakistan
706,31.7903,70.0658,7.0,Shahrah-e-Faisal,ROAD_WORKS,London
707,24.083,67.7251,5.7,M-2 Motorway,ACCIDENT,London
708,33.269,68.5283,5.2,Mall Road,ROAD_CLOSURE,Pakistan
709,26.9356,67.2836,1.7,Peshawar Rd,TRAFFIC_JAM,London
710,24.5531,67.4977,6.6,Ring Road,ACCIDENT,Pakistan
711,35.433,73.3077,1.5,M-2 Motorway,TRAFFIC_JAM,Pakistan
712,27.6179,67.0608,3.0,Peshawar Rd,ACCIDENT,Pakistan
713,32.4681,68.0266,9.7,Ring Road,TRAFFIC_JAM,Pakistan
714,32.9273,74.0962,3.1,Shahrah-e-Faisal,TRAFFIC_JAM,London
715,32.833,71.8802,8.4,Peshawar Rd,ACCIDENT,London
716,26.1453,67.7644,8.9,Peshawar Rd,ACCIDENT,London
717,33.8694,72.7635,7.6,GT Road,ACCIDENT,Pakistan
718,32.7199,71.3854,4.8,M-2 Motorway,TRAFFIC_JAM,London
719,36.1169,68.8683,3.9,GT Road,ROAD_WORKS,London
720,35.452,70.9113,3.3,M-2 Motorway,ROAD_CLOSURE,London
721,35.6892,73.2266,6.6,GT Road,ROAD_WORKS,London
722,29.6325,68.0424,3.8,GT Road,TRAFFIC_JAM,Pakistan
723,26.4234,73.9516,4.9,GT Road,ROAD_CLOSURE,Pakistan
724,24.8955,71.3617,9.4,Peshawar Rd,ACCIDENT,Pakistan
725,34.0156,72.7367,9.0,Mall Road,ACCIDENT,Pakistan
726,34.1618,72.1204,5.6,Shahrah-e-Faisal,TRAFFIC_JAM,Pakistan
727,25.9521,70.362,7.2,Ring Road,ROAD_WORKS,Pakistan
728,36.895,72.5768,9.0,Ring Road,ROAD_CLOSURE,London
729,34.5812,70.1424,2.0,Peshawar Rd,ROAD_CLOSURE,London
730,35.8768,73.5043,5.2,Ring Road,ROAD_CLOSURE,Pakistan
731,32.5297,71.4031,9.3,Mall Road,TRAFFIC_JAM,London
732,33.7625,70.1474,1.8,Ring Road,ROAD_WORKS,Pakistan
733,27.9969,70.4469,8.1,Ring Road,ACCIDENT,Pakistan
734,27.4357,68.4586,1.4,Peshawar Rd,ROAD_WORKS,Pakistan
735,36.2941,68.5393,9.8,Ring Road,ROAD_CLOSURE,London
736,24.4819,67.5429,5.1,Ring Road,ACCIDENT,London
737,35.7794,73.0399,7.4,Shahrah-e-Faisal,ROAD_CLOSURE,Pakistan
738,31.3875,74.0807,9.2,M-2 Motorway,ROAD_WORKS,London
739,26.331,71.7973,6.4,Ring Road,ROAD_CLOSURE,London
740,27.2171,70.0022,2.8,Peshawar Rd,ROAD_CLOSURE,Pakistan
741,25.2376,67.105,1.6,M-2 Motorway,ROAD_CLOSURE,London
742,29.6823,74.6369,9.9,M-2 Motorway,TRAFFIC_JAM,Pakistan
743,27.8199,69.0285,9.4,Ring Road,ACCIDENT,Pakistan
744,26.3461,69.0254,2.7,Ring Road,ACCIDENT,Pakistan
745,26.8763,70.4284,2.2,Mall Road,ROAD_WORKS,Pakistan
746,29.1226,72.3116,9.2,Peshawar Rd,TRAFFIC_JAM,Pakistan
747,30.2543,74.1844,8.6,Ring Road,ROAD_CLOSURE,London
748,27.985,71.3016,6.3,M-2 Motorway,TRAFFIC_JAM,Pakistan
749,35.9766,70.7521,6.4,M-2 Motorway,TRAFFIC_JAM,Pakistan
750,29.7769,70.0021,8.5,Ring Road,ROAD_WORKS,Pakistan
751,24.7265,73.5598,7.8,Mall Road,ACCIDENT,London
752,25.0455,67.1814,4.0,Ring Road,TRAFFIC_JAM,London
753,35.5163,74.6493,2.0,Shahrah-e-Faisal,ACCIDENT,London
754,29.7957,74.7513,7.7,Ring Road,ROAD_WORKS,London
755,25.8184,71.4459,4.4,Ring Road,ROAD_WORKS,Pakistan
756,25.7846,67.0667,5.3,M-2 Motorway,TRAFFIC_JAM,London
757,29.1788,70.9979,5.3,Mall Road,ROAD_CLOSURE,Pakistan
758,28.0645,72.109,3.3,Ring Road,ACCIDENT,Pakistan
759,35.3805,71.0273,7.4,GT Road,ACCIDENT,Pakistan
760,31.138,67.9358,6.4,M-2 Motorway,ACCIDENT,London
761,24.8896,74.2066,9.8,M-2 Motorway,ROAD_WORKS,Pakistan
762,27.0563,74.7097,1.8,M-2 Motorway,TRAFFIC_JAM,Pakistan
763,31.1319,67.3986,1.6,Mall Road,ACCIDENT,Pakistan
764,28.36,67.6117,5.3,GT Road,ROAD_WORKS,Pakistan
765,26.1279,69.2119,9.7,Ring Road,ACCIDENT,London
766,32.4533,72.7625,3.5,M-2 Motorway,ROAD_WORKS,London
767,36.2712,69.1069,9.8,Peshawar Rd,ACCIDENT,London
768,30.21,72.9214,3.3,Peshawar Rd,ROAD_CLOSURE,Pakistan
769,32.9301,69.8822,1.3,Ring Road,TRAFFIC_JAM,Pakistan
770,30.428,70.0352,8.3,Ring Road,TRAFFIC_JAM,Pakistan
771,32.871,70.7796,5.7,Peshawar Rd,ROAD_CLOSURE,Pakistan
772,25.8709,69.8754,6.7,M-2 Motorway,ACCIDENT,London
773,30.7748,70.8072,5.4,Shahrah-e-Faisal,TRAFFIC_JAM,London
774,25.8932,72.0243,8.4,M-2 Motorway,ACCIDENT,Pakistan
775,28.8591,72.0202,8.9,Mall Road,ACCIDENT,Pakistan
776,31.7615,70.3954,9.1,Peshawar Rd,ACCIDENT,London
777,32.2832,67.1071,9.0,Peshawar Rd,TRAFFIC_JAM,London
778,24.0499,67.7832,4.5,Peshawar Rd,ACCIDENT,London
779,35.9986,68.689,5.7,Peshawar Rd,ROAD_CLOSURE,Pakistan
780,29.0462,73.0667,8.9,Ring Road,ACCIDENT,London
781,28.4685,67.6593,3.8,GT Road,ACCIDENT,Pakistan
782,27.381,72.4585,9.8,Ring Road,ROAD_WORKS,Pakistan
783,35.5506,71.1083,9.3,Mall Road,ROAD_CLOSURE,Pakistan
784,36.023,68.9098,1.2,Mall Road,ACCIDENT,Pakistan
785,26.7534,68.098,7.0,M-2 Motorway,ROAD_CLOSURE,London
786,25.3251,71.3757,1.9,Shahrah-e-Faisal,ROAD_WORKS,Pakistan
787,33.6834,68.0571,1.6,Shahrah-e-Faisal,TRAFFIC_JAM,Pakistan
788,25.5648,74.1834,1.7,Mall Road,ROAD_WORKS,London
789,25.2129,73.0827,5.1,Mall Road,TRAFFIC_JAM,Pakistan
790,28.4589,71.6484,4.1,Mall Road,TRAFFIC_JAM,Pakistan
791,33.8743,68.1805,8.9,GT Road,ROAD_WORKS,London
792,36.2518,74.4968,8.3,Mall Road,ROAD_CLOSURE,London
793,33.7726,70.6085,4.3,GT Road,ACCIDENT,Pakistan
794,31.4446,67.1865,6.5,Shahrah-e-Faisal,ROAD_WORKS,London
795,29.2006,72.9113,1.3,M-2 Motorway,ACCIDENT,Pakistan
796,29.7353,72.0375,1.1,Shahrah-e-Faisal,ACCIDENT,London
797,30.2911,68.3119,7.9,M-2 Motorway,ROAD_WORKS,London
798,25.6219,73.3966,7.6,Shahrah-e-Faisal,ROAD_CLOSURE,Pakistan
799,35.8427,73.9433,2.1,Ring Road,ROAD_WORKS,Pakistan
800,24.4051,72.2062,2.8,M-2 Motorway,ROAD_WORKS,London
801,26.2201,74.2534,7.1,Shahrah-e-Faisal,ACCIDENT,London
802,33.3526,74.1767,6.0,GT Road,ROAD_WORKS,Pakistan
803,26.3656,70.9602,4.2,GT Road,ROAD_WORKS,London
804,33.7806,69.3408,3.5,Peshawar Rd,ACCIDENT,Pakistan
805,25.3159,72.4877,4.9,Ring Road,ACCIDENT,London
806,25.4775,68.5904,1.4,Mall Road,ROAD_WORKS,London
807,25.424,71.2533,6.3,Peshawar Rd,ROAD_CLOSURE,Pakistan
808,28.9261,68.9182,5.1,M-2 Motorway,ROAD_CLOSURE,London
809,25.972,69.1302,3.4,Ring Road,TRAFFIC_JAM,Pakistan
810,29.0116,69.7756,9.9,GT Road,ROAD_CLOSURE,Pakistan
811,33.1119,71.1057,8.2,GT Road,ROAD_WORKS,London
812,24.6965,73.9336,6.2,M-2 Motorway,TRAFFIC_JAM,Pakistan
813,36.7358,72.5511,1.9,GT Road,ACCIDENT,Pakistan
814,36.7742,71.9909,2.7,Shahrah-e-Faisal,TRAFFIC_JAM,Pakistan
815,36.6378,72.0204,6.4,M-2 Motorway,ROAD_WORKS,London
816,32.4515,69.5551,7.2,GT Road,ROAD_CLOSURE,Pakistan
817,31.5131,70.1944,2.8,Mall Road,ACCIDENT,Pakistan
818,34.8343,71.8753,3.8,Ring Road,ACCIDENT,London
819,27.4343,72.3816,7.6,Mall Road,ROAD_CLOSURE,London
820,28.2357,68.7536,2.5,Mall Road,ACCIDENT,Pakistan
821,36.1428,74.3726,1.6,Ring Road,ROAD_CLOSURE,Pakistan
822,26.6208,72.2604,1.6,Ring Road,ACCIDENT,Pakistan
823,33.2009,67.4796,5.5,Mall Road,ROAD_CLOSURE,London
824,24.8907,69.8743,6.2,Shahrah-e-Faisal,ROAD_WORKS,London
825,29.2992,67.6392,8.0,Shahrah-e-Faisal,ACCIDENT,Pakistan
826,34.6537,67.0981,9.1,GT Road,ROAD_WORKS,Pakistan
827,28.788,71.3828,6.6,Shahrah-e-Faisal,ACCIDENT,London
828,32.6572,73.371,8.4,Peshawar Rd,ROAD_WORKS,London
829,29.349,74.0016,9.9,Peshawar Rd,TRAFFIC_JAM,Pakistan
830,25.7662,73.6595,8.8,Mall Road,ROAD_WORKS,Pakistan
831,24.9319,74.6771,3.4,Mall Road,ROAD_WORKS,London
832,24.3689,73.8066,7.1,Ring Road,TRAFFIC_JAM,London
833,25.8749,68.8523,7.1,GT Road,TRAFFIC_JAM,London
834,28.141,69.9542,3.1,Peshawar Rd,ACCIDENT,Pakistan
835,28.4923,72.6971,4.0,GT Road,ROAD_CLOSURE,London
836,26.3022,68.9,1.2,M-2 Motorway,ROAD_CLOSURE,London
837,27.3557,71.935,6.3,Peshawar Rd,ROAD_WORKS,London
838,31.5751,67.5647,1.8,GT Road,TRAFFIC_JAM,Pakistan
839,26.6525,74.1625,5.6,GT Road,ROAD_WORKS,Pakistan
840,26.385,70.1803,2.6,Mall Road,ACCIDENT,London
841,31.2717,74.1191,6.3,Peshawar Rd,ROAD_CLOSURE,London
842,33.9385,73.4509,6.7,Ring Road,ROAD_WORKS,London
843,32.1995,71.5947,7.1,GT Road,ROAD_CLOSURE,London
844,33.3418,73.3299,1.8,Ring Road,ROAD_CLOSURE,Pakistan
845,29.0907,72.7615,4.7,Ring Road,TRAFFIC_JAM,London
846,36.796,74.0549,9.6,Mall Road,ROAD_CLOSURE,London
847,24.9523,68.2856,9.1,GT Road,ROAD_CLOSURE,Pakistan
848,32.6605,69.2892,5.7,M-2 Motorway,TRAFFIC_JAM,Pakistan
849,31.1848,68.1919,9.8,Mall Road,ACCIDENT,Pakistan
850,32.0165,67.1434,1.5,GT Road,ROAD_WORKS,Pakistan
851,24.4895,72.8265,6.4,Peshawar Rd,ACCIDENT,London
852,36.5087,67.2828,2.9,M-2 Motorway,TRAFFIC_JAM,Pakistan
853,33.4505,74.6979,9.4,GT Road,ACCIDENT,Pakistan
854,27.009,74.5687,9.0,Shahrah-e-Faisal,ACCIDENT,Pakistan
855,33.2221,69.1839,4.3,Mall Road,ACCIDENT,London
856,33.9942,72.9336,5.1,M-2 Motorway,ROAD_CLOSURE,London
857,34.3234,72.9884,8.7,Shahrah-e-Faisal,ACCIDENT,London
858,31.1192,74.3632,6.9,GT Road,ACCIDENT,London
859,28.5706,69.3783,9.5,GT Road,ROAD_CLOSURE,London
860,24.4285,67.1406,4.3,Ring Road,ROAD_WORKS,Pakistan
861,33.4356,71.7087,3.9,Mall Road,ROAD_WORKS,Pakistan
862,28.9076,71.7912,5.2,M-2 Motorway,ACCIDENT,Pakistan
863,24.5402,74.1494,4.4,Peshawar Rd,ROAD_WORKS,London
864,36.8359,67.6824,2.8,Ring Road,ROAD_WORKS,Pakistan
865,29.9729,74.7213,6.2,Shahrah-e-Faisal,TRAFFIC_JAM,Pakistan
866,32.7211,72.4278,2.2,Ring Road,ACCIDENT,London
867,34.7818,73.5025,5.7,Shahrah-e-Faisal,ACCIDENT,London
868,35.3629,70.4435,4.3,Peshawar Rd,ACCIDENT,Pakistan
869,33.1757,72.5972,7.5,Mall Road,TRAFFIC_JAM,Pakistan
870,34.8027,69.4671,6.1,Peshawar Rd,TRAFFIC_JAM,Pakistan
871,27.209,70.821,3.5,GT Road,TRAFFIC_JAM,Pakistan
872,24.051,70.707,4.1,M-2 Motorway,ACCIDENT,London
873,31.6299,69.1299,4.8,Shahrah-e-Faisal,ACCIDENT,London
874,31.1742,68.008,8.3,GT Road,ACCIDENT,Pakistan
875,24.2026,73.6718,1.2,GT Road,ROAD_WORKS,London
876,33.3798,72.2593,3.8,Peshawar Rd,ROAD_CLOSURE,Pakistan
877,30.1568,70.6034,5.5,M-2 Motorway,ROAD_WORKS,London
878,35.8336,67.1567,9.3,GT Road,TRAFFIC_JAM,London
879,30.4096,71.5618,3.4,M-2 Motorway,ACCIDENT,London
880,34.0249,69.6953,1.8,Mall Road,ACCIDENT,Pakistan
881,35.566,72.8033,4.1,M-2 Motorway,ROAD_WORKS,Pakistan
882,26.9987,74.3682,8.5,GT Road,ROAD_CLOSURE,London
883,33.9563,69.0489,1.7,GT Road,TRAFFIC_JAM,London
884,28.5257,67.1002,1.1,Shahrah-e-Faisal,TRAFFIC_JAM,Pakistan
885,36.6209,73.8449,1.4,Peshawar Rd,ROAD_WORKS,London
886,34.4187,72.0508,2.9,M-2 Motorway,ACCIDENT,London
887,25.2689,67.4241,5.3,GT Road,ROAD_CLOSURE,London
888,31.5133,74.1031,8.5,M-2 Motorway,ROAD_WORKS,London
889,30.5571,69.8935,7.2,M-2 Motorway,ROAD_WORKS,Pakistan
890,31.9664,73.4794,4.3,GT Road,ROAD_WORKS,Pakistan
891,31.3943,73.6943,9.1,GT Road,ROAD_WORKS,Pakistan
892,25.5352,70.4293,5.4,Ring Road,TRAFFIC_JAM,London
893,26.243,74.2154,1.6,Mall Road,ACCIDENT,Pakistan
894,29.4064,74.8025,2.2,Peshawar Rd,ACCIDENT,Pakistan
895,25.0207,70.2843,3.1,M-2 Motorway,ROAD_CLOSURE,London
896,25.6497,73.8234,7.9,Shahrah-e-Faisal,ROAD_CLOSURE,London
897,27.3401,68.7055,8.4,GT Road,ROAD_CLOSURE,Pakistan
898,33.7978,67.568,7.7,Mall Road,ROAD_CLOSURE,Pakistan
899,34.9095,67.3918,7.5,Peshawar Rd,ROAD_CLOSURE,Pakistan
900,25.2864,68.0902,9.5,Mall Road,ACCIDENT,Pakistan
901,29.2231,68.3333,1.2,Ring Road,ROAD_WORKS,London
902,36.6616,74.9508,3.5,Mall Road,TRAFFIC_JAM,London
903,34.6254,73.5385,4.4,Peshawar Rd,TRAFFIC_JAM,London
904,33.6107,70.4073,9.0,Mall Road,ACCIDENT,London
905,35.055,71.6376,7.2,M-2 Motorway,ACCIDENT,Pakistan
906,30.0832,69.2785,2.6,Shahrah-e-Faisal,ACCIDENT,London
907,35.0742,72.8757,1.9,M-2 Motorway,ACCIDENT,London
908,36.1806,69.2225,3.3,Mall Road,ROAD_CLOSURE,Pakistan
909,34.608,71.2014,9.5,Shahrah-e-Faisal,ROAD_CLOSURE,Pakistan
910,34.8598,69.3365,9.2,GT Road,ROAD_WORKS,London
911,29.1794,69.2479,7.8,Peshawar Rd,TRAFFIC_JAM,Pakistan
912,31.8678,67.5966,9.2,GT Road,TRAFFIC_JAM,Pakistan
913,32.24,69.3674,2.3,Shahrah-e-Faisal,TRAFFIC_JAM,London
914,35.622,67.1736,9.9,Mall Road,ACCIDENT,Pakistan
915,33.9899,74.5826,9.8,Ring Road,ROAD_WORKS,Pakistan
916,24.423,73.7152,6.7,Ring Road,ROAD_WORKS,Pakistan
917,35.0812,73.5585,9.0,Ring Road,ROAD_WORKS,Pakistan
918,31.7666,70.4483,4.2,Ring Road,TRAFFIC_JAM,London
919,33.8134,74.2646,3.7,Shahrah-e-Faisal,ACCIDENT,London
920,26.7838,73.2922,6.2,Peshawar Rd,ROAD_CLOSURE,Pakistan
921,27.272,74.1322,2.7,M-2 Motorway,ACCIDENT,London
922,32.5759,68.2907,7.0,Peshawar Rd,ACCIDENT,London
923,31.1758,67.7555,5.7,Mall Road,ROAD_CLOSURE,London
924,36.2776,74.1959,8.7,Peshawar Rd,ACCIDENT,London
925,34.5608,72.4444,3.3,Ring Road,TRAFFIC_JAM,London
926,28.0615,69.8761,7.4,Shahrah-e-Faisal,TRAFFIC_JAM,London
927,31.0538,67.1445,3.8,Mall Road,ROAD_WORKS,London
928,33.7882,74.6713,4.3,GT Road,TRAFFIC_JAM,Pakistan
929,30.2274,69.473,2.2,GT Road,TRAFFIC_JAM,Pakistan
930,31.8682,71.3608,7.8,Mall Road,ACCIDENT,London
931,32.9222,74.1938,3.7,Ring Road,ACCIDENT,Pakistan
932,26.7857,69.1736,3.8,GT Road,TRAFFIC_JAM,London
933,33.5272,73.9743,8.4,M-2 Motorway,ACCIDENT,Pakistan
934,29.4076,72.999,4.8,Shahrah-e-Faisal,TRAFFIC_JAM,Pakistan
935,25.0014,67.2998,6.9,M-2 Motorway,ROAD_CLOSURE,Pakistan
936,32.5169,71.8299,6.2,Shahrah-e-Faisal,ROAD_WORKS,London
937,24.5742,73.9398,5.4,Peshawar Rd,ROAD_CLOSURE,London
938,36.5333,72.9198,1.3,M-2 Motorway,ROAD_WORKS,Pakistan
939,26.1345,70.4446,8.5,GT Road,ACCIDENT,London
940,34.5327,68.1353,2.3,GT Road,TRAFFIC_JAM,London
941,30.719,74.4629,7.7,M-2 Motorway,ROAD_CLOSURE,London
942,24.1293,73.6656,6.8,GT Road,ROAD_CLOSURE,Pakistan
943,26.7889,70.7678,4.5,M-2 Motorway,ROAD_CLOSURE,London
944,28.5629,73.342,5.6,Shahrah-e-Faisal,TRAFFIC_JAM,Pakistan
945,33.7759,71.1696,4.6,GT Road,ROAD_CLOSURE,Pakistan
946,34.1125,67.8302,4.0,Shahrah-e-Faisal,TRAFFIC_JAM,London
947,28.9735,72.592,3.9,Mall Road,ROAD_CLOSURE,Pakistan
948,32.3132,68.8721,5.4,GT Road,ROAD_WORKS,Pakistan
949,32.5579,67.6561,9.1,GT Road,TRAFFIC_JAM,Pakistan
950,33.3815,70.7721,3.3,M-2 Motorway,TRAFFIC_JAM,London
951,26.3174,72.2878,7.4,M-2 Motorway,TRAFFIC_JAM,Pakistan
952,33.7071,70.3118,8.3,Ring Road,ROAD_CLOSURE,Pakistan
953,30.7475,70.7844,5.6,Peshawar Rd,TRAFFIC_JAM,London
954,32.2395,70.5073,5.7,GT Road,ROAD_WORKS,Pakistan
955,26.1655,72.825,2.1,Ring Road,ROAD_CLOSURE,Pakistan
956,31.1339,67.9443,9.7,GT Road,ACCIDENT,Pakistan
957,30.8926,74.7401,5.8,Peshawar Rd,ACCIDENT,London
958,24.7212,73.5135,7.8,Mall Road,ROAD_WORKS,London
959,30.2207,69.2213,6.1,M-2 Motorway,ROAD_WORKS,Pakistan
960,34.8281,72.8497,7.9,Mall Road,TRAFFIC_JAM,London
961,29.1954,69.2479,1.0,Shahrah-e-Faisal,ACCIDENT,London
962,30.9291,67.7031,7.7,Ring Road,ROAD_WORKS,Pakistan
963,28.1047,72.6335,2.9,Shahrah-e-Faisal,ACCIDENT,London
964,36.0335,71.9306,7.0,Mall Road,ROAD_CLOSURE,London
965,33.494,68.0973,7.8,M-2 Motorway,ACCIDENT,London
966,30.2328,73.8325,5.0,Shahrah-e-Faisal,ROAD_WORKS,London
967,35.924,69.8147,4.7,Shahrah-e-Faisal,ROAD_CLOSURE,London
968,33.316,70.7626,6.3,M-2 Motorway,TRAFFIC_JAM,Pakistan
969,24.7847,71.6724,8.0,GT Road,ACCIDENT,Pakistan
970,28.6115,73.726,1.4,M-2 Motorway,TRAFFIC_JAM,Pakistan
971,36.944,73.8463,6.4,M-2 Motorway,ACCIDENT,London
972,33.4933,67.2216,5.9,GT Road,ACCIDENT,London
973,33.9311,70.2152,8.3,M-2 Motorway,ACCIDENT,London
974,34.3367,71.3125,7.8,Shahrah-e-Faisal,ROAD_CLOSURE,London
975,36.9396,70.5701,8.2,Shahrah-e-Faisal,TRAFFIC_JAM,London
976,34.3805,73.9205,8.6,Peshawar Rd,ROAD_WORKS,Pakistan
977,35.1909,69.2823,2.4,M-2 Motorway,TRAFFIC_JAM,Pakistan
978,28.799,74.4905,7.3,Peshawar Rd,ACCIDENT,London
979,31.0825,74.066,1.2,GT Road,ACCIDENT,London
980,28.9146,69.7225,6.2,M-2 Motorway,ROAD_CLOSURE,London
981,24.2226,72.0116,3.9,M-2 Motorway,ROAD_WORKS,London
982,35.2443,73.1069,1.2,Peshawar Rd,ROAD_WORKS,London
983,24.3237,71.7703,7.3,M-2 Motorway,ACCIDENT,London
984,33.6942,67.4254,8.5,Shahrah-e-Faisal,ROAD_CLOSURE,London
985,24.0969,71.64,6.4,Ring Road,ROAD_CLOSURE,London
986,26.4718,72.9194,3.9,Peshawar Rd,ROAD_WORKS,Pakistan
987,34.0327,67.3746,3.4,GT Road,ROAD_WORKS,Pakistan
988,30.5958,68.6615,2.4,Mall Road,TRAFFIC_JAM,London
989,25.3804,68.3061,4.4,M-2 Motorway,ROAD_CLOSURE,Pakistan
990,35.4241,74.7222,1.3,Peshawar Rd,ROAD_CLOSURE,Pakistan
991,33.0159,67.0827,9.9,Ring Road,ACCIDENT,Pakistan
992,35.9646,73.9042,5.2,GT Road,ROAD_WORKS,London
993,34.9556,67.586,6.6,Shahrah-e-Faisal,TRAFFIC_JAM,Pakistan
994,24.9479,74.4178,9.6,Peshawar Rd,ACCIDENT,Pakistan
995,26.8153,67.8723,9.9,Ring Road,TRAFFIC_JAM,London
996,26.6584,67.6328,6.5,Peshawar Rd,ROAD_CLOSURE,Pakistan
997,24.6659,67.7655,1.1,Mall Road,ROAD_WORKS,Pakistan
998,34.6124,72.1876,3.3,GT Road,TRAFFIC_JAM,Pakistan
999,36.544,72.2593,3.1,GT Road,ROAD_CLOSURE,London
1000,30.5565,74.0104,6.5,Peshawar Rd,TRAFFIC_JAM,Pakistan
1001,36.279,69.3896,7.0,M-2 Motorway,TRAFFIC_JAM,London
1002,29.8462,67.8511,8.0,Mall Road,TRAFFIC_JAM,London
1003,31.4591,74.2453,7.8,Shahrah-e-Faisal,ROAD_CLOSURE,Pakistan
1004,32.0937,68.858,4.4,Peshawar Rd,ROAD_CLOSURE,London
1005,24.5501,72.7207,9.3,GT Road,ACCIDENT,Pakistan
1006,25.4491,71.6941,7.2,GT Road,ROAD_CLOSURE,Pakistan
1007,27.403,69.8863,5.8,Ring Road,ROAD_CLOSURE,London
1008,31.6821,74.5129,1.4,Shahrah-e-Faisal,ROAD_WORKS,Pakistan
1009,29.2116,67.1461,1.5,GT Road,ACCIDENT,Pakistan
1010,28.3171,68.1857,9.1,Shahrah-e-Faisal,ROAD_CLOSURE,Pakistan
1011,24.7766,68.9872,8.9,M-2 Motorway,ROAD_CLOSURE,London
1012,33.1387,70.8929,9.8,Peshawar Rd,ROAD_WORKS,Pakistan
1013,26.1255,67.8346,5.5,M-2 Motorway,TRAFFIC_JAM,Pakistan
1014,36.9926,71.5477,1.9,M-2 Motorway,ACCIDENT,Pakistan
1015,28.5484,72.7258,5.2,M-2 Motorway,ACCIDENT,London
1016,28.6087,72.4784,5.0,Peshawar Rd,ACCIDENT,Pakistan
1017,32.1421,73.6994,1.1,Shahrah-e-Faisal,TRAFFIC_JAM,London
1018,34.7623,70.6381,1.8,Peshawar Rd,ROAD_WORKS,Pakistan
1019,31.7781,71.0816,8.7,Shahrah-e-Faisal,ROAD_WORKS,Pakistan
1020,33.3499,72.7181,9.5,Peshawar Rd,TRAFFIC_JAM,London
1021,24.58,68.696,2.1,Ring Road,ROAD_WORKS,London
1022,24.3413,69.9998,3.6,GT Road,ACCIDENT,Pakistan
1023,34.8917,72.0654,7.6,M-2 Motorway,ROAD_CLOSURE,Pakistan
1024,30.7389,70.3492,1.4,Mall Road,ROAD_CLOSURE,London
1025,36.9193,67.145,4.0,GT Road,ROAD_WORKS,Pakistan
1026,32.408,70.7118,2.7,Mall Road,ACCIDENT,London
1027,26.061,67.3714,9.2,Ring Road,ROAD_CLOSURE,London
1028,35.8907,68.369,6.6,M-2 Motorway,ROAD_WORKS,London
1029,34.7782,67.5989,5.0,GT Road,ROAD_WORKS,London
1030,27.5003,70.1774,7.5,Mall Road,ROAD_CLOSURE,London
1031,27.9586,70.3287,1.6,Peshawar Rd,TRAFFIC_JAM,London
1032,27.1294,73.7489,4.7,GT Road,ROAD_WORKS,London
1033,26.0007,68.4044,5.6,Peshawar Rd,TRAFFIC_JAM,London
1034,33.3136,70.9182,3.4,Mall Road,ROAD_WORKS,London
1035,36.3038,74.5886,9.0,Shahrah-e-Faisal,ACCIDENT,London
1036,25.294,69.3015,9.2,Shahrah-e-Faisal,TRAFFIC_JAM,London
1037,31.7169,68.4278,1.8,M-2 Motorway,TRAFFIC_JAM,London
1038,26.4127,72.5317,3.2,Peshawar Rd,ACCIDENT,London
1039,36.7094,67.6639,7.3,Peshawar Rd,TRAFFIC_JAM,Pakistan
1040,36.2577,70.9181,8.3,Ring Road,ACCIDENT,Pakistan
1041,28.7215,73.2403,1.7,Ring Road,ACCIDENT,London
1042,35.5764,73.1181,3.5,GT Road,TRAFFIC_JAM,London
1043,29.4095,70.1311,9.1,GT Road,ROAD_WORKS,Pakistan
1044,33.7675,70.656,7.9,Peshawar Rd,ACCIDENT,London
1045,28.0084,73.2529,5.0,Ring Road,ROAD_WORKS,London
1046,27.4966,71.1337,4.5,Ring Road,ROAD_WORKS,London
1047,30.4034,68.0397,6.4,Ring Road,TRAFFIC_JAM,London
1048,35.0878,71.1608,2.5,Peshawar Rd,TRAFFIC_JAM,London
1049,36.4826,72.5081,6.5,GT Road,TRAFFIC_JAM,Pakistan
1050,26.6045,71.0638,8.1,M-2 Motorway,ROAD_CLOSURE,Pakistan
1051,34.4903,69.6118,6.7,Shahrah-e-Faisal,TRAFFIC_JAM,London
1052,28.0166,73.2752,4.5,Shahrah-e-Faisal,TRAFFIC_JAM,London
1053,34.7192,74.3314,4.9,Ring Road,TRAFFIC_JAM,London
1054,29.8439,69.3117,6.3,Ring Road,TRAFFIC_JAM,London
1055,27.2773,70.073,7.1,M-2 Motorway,ROAD_WORKS,London
1056,28.006,69.4698,9.5,Ring Road,ROAD_WORKS,Pakistan
1057,36.8739,69.1831,3.3,Peshawar Rd,ACCIDENT,London
1058,35.7962,70.9728,7.7,Mall Road,ACCIDENT,Pakistan
1059,25.7574,73.8581,7.7,Shahrah-e-Faisal,ROAD_CLOSURE,Pakistan
1060,26.0584,69.8639,3.6,Peshawar Rd,ACCIDENT,London
1061,30.9752,67.4263,4.7,Mall Road,TRAFFIC_JAM,Pakistan
1062,30.3634,74.1183,5.2,GT Road,ACCIDENT,Pakistan
1063,29.0549,70.5315,7.0,M-2 Motorway,ROAD_WORKS,London
1064,32.3226,74.1712,9.6,GT Road,ROAD_WORKS,Pakistan
1065,35.0164,68.2523,7.8,Shahrah-e-Faisal,ROAD_CLOSURE,Pakistan
1066,29.9302,68.0884,7.4,GT Road,TRAFFIC_JAM,Pakistan
1067,34.4193,69.781,2.1,Peshawar Rd,ROAD_CLOSURE,Pakistan
1068,24.7636,67.1703,3.7,M-2 Motorway,ROAD_WORKS,London
1069,27.5085,71.4899,8.8,Mall Road,ACCIDENT,Pakistan
1070,28.9595,68.2957,7.9,GT Road,ROAD_CLOSURE,London
1071,33.0091,74.9765,3.2,Peshawar Rd,ROAD_CLOSURE,Pakistan
1072,31.0732,73.2057,9.2,M-2 Motorway,TRAFFIC_JAM,Pakistan
1073,25.3181,72.4387,5.1,Peshawar Rd,TRAFFIC_JAM,London
1074,24.9405,67.8844,5.3,Mall Road,TRAFFIC_JAM,London
1075,34.0841,74.6695,6.6,Mall Road,ACCIDENT,London
1076,34.4661,73.3408,6.6,M-2 Motorway,ROAD_WORKS,London
1077,32.1739,67.9465,6.7,Shahrah-e-Faisal,ROAD_WORKS,Pakistan
1078,26.431,67.134,4.4,Peshawar Rd,ROAD_WORKS,London
1079,30.8809,72.1637,2.3,M-2 Motorway,ROAD_WORKS,Pakistan
1080,30.8694,74.2839,5.4,Shahrah-e-Faisal,TRAFFIC_JAM,Pakistan
1081,36.0159,72.4539,4.2,M-2 Motorway,TRAFFIC_JAM,London
1082,35.5999,69.4023,7.0,Ring Road,ROAD_CLOSURE,Pakistan
1083,27.5977,73.4928,2.8,Shahrah-e-Faisal,ROAD_CLOSURE,London
1084,27.8845,68.8905,6.2,M-2 Motorway,ROAD_CLOSURE,London
1085,27.9385,68.7616,6.4,Ring Road,TRAFFIC_JAM,London
1086,24.1805,67.2942,7.4,M-2 Motorway,ROAD_WORKS,Pakistan
1087,36.8266,69.9901,6.0,Peshawar Rd,ACCIDENT,Pakistan
1088,36.3761,74.3306,1.5,M-2 Motorway,ROAD_CLOSURE,London
1089,30.2391,67.9073,3.0,Shahrah-e-Faisal,ROAD_CLOSURE,London
1090,29.7093,69.0674,2.4,Mall Road,TRAFFIC_JAM,Pakistan
1091,30.169,74.848,3.0,Mall Road,ROAD_WORKS,London
1092,29.5254,73.5233,1.2,Shahrah-e-Faisal,ROAD_WORKS,Pakistan
1093,30.3898,71.2014,2.9,Peshawar Rd,TRAFFIC_JAM,Pakistan
1094,33.3123,67.0968,5.7,M-2 Motorway,ACCIDENT,Pakistan
1095,29.3938,74.854,3.9,M-2 Motorway,ROAD_WORKS,London
1096,25.1527,72.9468,5.2,M-2 Motorway,ROAD_WORKS,London
1097,33.1543,74.5761,7.7,GT Road,TRAFFIC_JAM,Pakistan
1098,33.6357,67.5151,7.0,Peshawar Rd,ACCIDENT,Pakistan
1099,30.7635,72.3382,8.0,Peshawar Rd,ROAD_CLOSURE,London
1100,31.7959,71.0572,3.2,M-2 Motorway,ACCIDENT,London
1101,25.5661,69.3305,8.8,M-2 Motorway,ROAD_CLOSURE,Pakistan
1102,33.8482,73.4011,3.0,Peshawar Rd,ACCIDENT,London
1103,28.7554,69.4021,4.4,M-2 Motorway,ROAD_CLOSURE,London
1104,30.566,67.7235,2.4,GT Road,ROAD_CLOSURE,Pakistan
1105,31.0017,68.2172,8.0,GT Road,ACCIDENT,London
1106,28.11,71.5673,9.9,Mall Road,ACCIDENT,London
1107,28.4686,70.593,4.2,GT Road,ROAD_CLOSURE,Pakistan
1108,29.6595,71.3468,9.6,Shahrah-e-Faisal,TRAFFIC_JAM,Pakistan
1109,36.9065,67.9095,2.7,M-2 Motorway,ACCIDENT,Pakistan
1110,34.9737,67.9526,6.6,GT Road,TRAFFIC_JAM,London
1111,27.5066,72.1774,7.7,GT Road,ACCIDENT,London
1112,34.8083,67.5712,8.0,GT Road,TRAFFIC_JAM,London
1113,34.6163,73.1322,3.8,Shahrah-e-Faisal,ACCIDENT,Pakistan
1114,28.2837,72.1294,9.8,Ring Road,ROAD_WORKS,London
1115,24.4238,69.9806,1.7,M-2 Motorway,ROAD_CLOSURE,Pakistan
1116,28.3689,67.6915,3.8,Ring Road,ROAD_CLOSURE,Pakistan
1117,26.5907,70.0221,9.6,M-2 Motorway,ACCIDENT,Pakistan
1118,34.3259,70.2341,2.7,M-2 Motorway,ROAD_WORKS,London
1119,29.4114,67.8211,9.1,GT Road,ROAD_WORKS,Pakistan
1120,29.5951,68.844,4.4,M-2 Motorway,ROAD_CLOSURE,London
1121,28.7112,74.285,5.5,Ring Road,ACCIDENT,London
1122,28.8674,68.2842,6.7,GT Road,ROAD_WORKS,Pakistan
1123,33.0353,73.9213,3.1,Shahrah-e-Faisal,ROAD_WORKS,Pakistan
1124,30.577,69.4679,8.8,Shahrah-e-Faisal,ROAD_CLOSURE,London
1125,27.1769,71.3067,8.8,GT Road,ROAD_WORKS,Pakistan
1126,31.5494,72.2622,1.9,Peshawar Rd,ACCIDENT,Pakistan
1127,29.0503,68.2169,2.9,Peshawar Rd,ROAD_WORKS,Pakistan
1128,25.8419,69.6104,9.9,M-2 Motorway,ROAD_WORKS,Pakistan
1129,32.9627,72.8611,4.3,M-2 Motorway,ROAD_WORKS,London
1130,35.7713,67.735,9.9,Peshawar Rd,TRAFFIC_JAM,London
1131,24.9315,68.49,1.9,Mall Road,TRAFFIC_JAM,Pakistan
1132,27.5246,69.017,6.1,Mall Road,TRAFFIC_JAM,Pakistan
1133,26.7242,69.5255,7.8,GT Road,TRAFFIC_JAM,Pakistan
1134,27.2999,73.8128,3.5,Ring Road,TRAFFIC_JAM,London
1135,28.7747,74.54,4.4,Shahrah-e-Faisal,ROAD_WORKS,London
1136,36.2322,72.7184,6.7,GT Road,ROAD_WORKS,Pakistan
1137,34.1422,72.7087,9.9,Ring Road,ACCIDENT,London
1138,24.4645,69.4158,6.5,M-2 Motorway,TRAFFIC_JAM,London
1139,26.0967,68.8565,8.0,M-2 Motorway,ACCIDENT,Pakistan
1140,28.4874,70.9746,2.8,Ring Road,ROAD_CLOSURE,Pakistan
1141,33.9962,70.6409,9.6,Mall Road,ACCIDENT,Pakistan
1142,36.1056,73.0443,8.2,Shahrah-e-Faisal,ACCIDENT,London
1143,27.5668,72.7542,7.8,M-2 Motorway,ACCIDENT,Pakistan
1144,28.1551,69.6558,4.8,Shahrah-e-Faisal,ROAD_WORKS,Pakistan
1145,31.4479,68.4601,2.5,Mall Road,ROAD_CLOSURE,Pakistan
1146,29.1132,74.7239,3.6,Peshawar Rd,TRAFFIC_JAM,London
1147,35.8896,71.2496,7.9,Mall Road,ROAD_WORKS,Pakistan
1148,36.531,72.3682,3.4,Mall Road,ROAD_WORKS,Pakistan
1149,29.6894,72.8723,6.5,M-2 Motorway,ROAD_CLOSURE,London
1150,33.7103,72.7483,2.8,M-2 Motorway,ROAD_CLOSURE,London
1151,25.2127,73.57,8.9,Ring Road,ROAD_WORKS,London
1152,24.71,73.3265,8.6,Shahrah-e-Faisal,ROAD_WORKS,Pakistan
1153,31.2033,72.7433,5.5,Mall Road,TRAFFIC_JAM,London
1154,27.6402,74.8072,9.9,Ring Road,ROAD_WORKS,Pakistan
1155,26.4619,67.4557,1.8,Ring Road,ROAD_CLOSURE,London
1156,26.7081,73.9181,9.0,Ring Road,ROAD_CLOSURE,London
1157,34.8277,72.3283,3.0,M-2 Motorway,ROAD_WORKS,Pakistan
1158,30.5411,71.4633,9.4,Shahrah-e-Faisal,TRAFFIC_JAM,Pakistan
1159,28.1697,72.3005,5.7,Ring Road,ACCIDENT,London
1160,27.3779,73.1847,3.1,Mall Road,ROAD_WORKS,London
1161,34.5072,68.4867,2.3,Mall Road,ROAD_WORKS,London
1162,30.2924,70.0151,4.6,Ring Road,TRAFFIC_JAM,London
1163,33.5924,70.9628,6.4,M-2 Motorway,ROAD_WORKS,London
1164,28.2292,68.4932,9.0,Mall Road,TRAFFIC_JAM,London
1165,24.7087,73.3483,2.8,Ring Road,ROAD_WORKS,Pakistan
1166,34.1169,71.4524,9.5,M-2 Motorway,ROAD_CLOSURE,London
1167,24.7907,73.4791,7.0,GT Road,ROAD_CLOSURE,London
1168,28.4398,71.4688,8.2,Mall Road,ACCIDENT,London
1169,34.1474,72.1669,5.5,Peshawar Rd,ACCIDENT,London
1170,28.6028,68.5189,7.1,Mall Road,ACCIDENT,Pakistan
1171,34.3194,70.8431,8.4,Peshawar Rd,TRAFFIC_JAM,London
1172,29.8043,67.1856,8.3,GT Road,ROAD_WORKS,Pakistan
1173,36.4739,67.4087,6.8,GT Road,ROAD_WORKS,Pakistan
1174,33.1985,73.7173,9.0,GT Road,ROAD_CLOSURE,Pakistan
1175,27.6095,72.8002,9.4,GT Road,ACCIDENT,Pakistan
1176,25.7632,73.655,8.3,Mall Road,TRAFFIC_JAM,London
1177,27.6062,71.798,6.8,M-2 Motorway,ROAD_CLOSURE,Pakistan
1178,34.6748,74.3077,6.0,Peshawar Rd,ROAD_CLOSURE,London
1179,35.1025,70.488,6.9,Shahrah-e-Faisal,ROAD_CLOSURE,London
1180,27.8868,73.4126,4.3,M-2 Motorway,TRAFFIC_JAM,London
1181,24.7331,70.8073,7.7,Shahrah-e-Faisal,ROAD_CLOSURE,London
1182,25.246,70.8985,3.4,Peshawar Rd,ACCIDENT,Pakistan
1183,33.3434,73.8936,6.7,Mall Road,ROAD_CLOSURE,London
1184,34.9932,69.0581,1.9,Shahrah-e-Faisal,ROAD_CLOSURE,Pakistan
1185,36.8401,71.012,5.7,GT Road,ROAD_CLOSURE,Pakistan
1186,28.5064,73.4228,7.0,Mall Road,ROAD_CLOSURE,Pakistan
1187,35.0633,67.075,4.7,Shahrah-e-Faisal,TRAFFIC_JAM,London
1188,30.1856,73.7533,7.3,Ring Road,ROAD_CLOSURE,Pakistan
1189,31.0996,73.4984,2.6,M-2 Motorway,TRAFFIC_JAM,Pakistan
1190,27.9883,68.7663,2.2,Mall Road,ROAD_CLOSURE,Pakistan
1191,30.2907,67.6362,8.5,Mall Road,ROAD_WORKS,Pakistan
1192,28.8491,72.8445,2.1,Ring Road,ROAD_CLOSURE,Pakistan
1193,28.4453,74.8348,6.5,M-2 Motorway,TRAFFIC_JAM,Pakistan
1194,35.2291,67.8193,2.3,M-2 Motorway,ROAD_WORKS,Pakistan
1195,36.1339,67.3234,4.0,Ring Road,ROAD_CLOSURE,London
1196,31.0366,69.4278,3.1,M-2 Motorway,TRAFFIC_JAM,Pakistan
1197,27.1887,67.0857,1.9,Peshawar Rd,ROAD_WORKS,London
1198,26.153,72.4482,3.3,M-2 Motorway,ACCIDENT,Pakistan
1199,36.9888,70.019,8.9,Ring Road,ROAD_WORKS,Pakistan
1200,31.4431,70.2325,4.3,Mall Road,ACCIDENT,London
1201,24.5249,68.5234,6.7,Peshawar Rd,ACCIDENT,Pakistan
1202,33.2228,72.5827,4.1,M-2 Motorway,ROAD_CLOSURE,Pakistan
1203,31.0862,71.1696,1.1,M-2 Motorway,ROAD_CLOSURE,London
1204,35.6739,73.3842,8.3,Shahrah-e-Faisal,ROAD_CLOSURE,Pakistan
1205,29.3621,74.7685,4.8,M-2 Motorway,TRAFFIC_JAM,London
1206,33.321,74.4885,1.8,GT Road,ACCIDENT,Pakistan
1207,25.442,67.9092,1.8,Shahrah-e-Faisal,ROAD_CLOSURE,London
1208,28.2654,69.5709,7.5,Ring Road,TRAFFIC_JAM,London
1209,28.7633,67.8913,8.9,Peshawar Rd,ROAD_CLOSURE,London
1210,31.6428,71.7177,9.5,M-2 Motorway,ROAD_CLOSURE,Pakistan
1211,34.7979,74.0933,5.0,GT Road,ROAD_CLOSURE,London
1212,34.9328,69.1677,8.0,Ring Road,ACCIDENT,Pakistan
1213,25.6712,67.4408,4.2,M-2 Motorway,ROAD_WORKS,London
1214,34.0019,68.6897,3.7,Peshawar Rd,ROAD_CLOSURE,Pakistan
1215,32.346,74.5251,6.2,Shahrah-e-Faisal,ROAD_WORKS,Pakistan
1216,31.7913,71.8411,5.8,Peshawar Rd,TRAFFIC_JAM,London
1217,33.4745,69.8522,1.9,Ring Road,ACCIDENT,London
1218,30.7954,68.6884,6.9,M-2 Motorway,ACCIDENT,London
1219,36.5798,67.857,6.4,Shahrah-e-Faisal,ROAD_WORKS,London
1220,36.6783,67.0795,2.6,Peshawar Rd,ROAD_WORKS,Pakistan
1221,28.2535,74.3738,4.0,Shahrah-e-Faisal,TRAFFIC_JAM,Pakistan
1222,25.4187,72.0398,5.8,Ring Road,ROAD_WORKS,London
1223,32.6553,67.7629,3.1,Ring Road,ROAD_CLOSURE,Pakistan
1224,36.6278,68.701,4.6,Mall Road,ROAD_WORKS,Pakistan
1225,35.0719,71.4012,3.9,GT Road,ROAD_WORKS,Pakistan
1226,28.3023,68.4015,4.3,Ring Road,ROAD_WORKS,Pakistan
1227,32.6918,68.3512,2.7,GT Road,ROAD_CLOSURE,London
1228,36.4438,69.4526,9.5,Ring Road,TRAFFIC_JAM,London
1229,24.737,71.4719,9.2,M-2 Motorway,ROAD_CLOSURE,London
1230,35.3862,70.7448,1.9,Peshawar Rd,ROAD_WORKS,Pakistan
1231,31.4479,72.8598,5.6,GT Road,TRAFFIC_JAM,Pakistan
1232,31.8637,68.282,6.1,GT Road,ROAD_CLOSURE,Pakistan
1233,24.488,73.7635,7.8,Shahrah-e-Faisal,ROAD_CLOSURE,Pakistan
1234,26.8986,69.812,7.3,Peshawar Rd,TRAFFIC_JAM,London
1235,31.6111,74.8797,4.0,Shahrah-e-Faisal,TRAFFIC_JAM,London
1236,35.8382,70.6139,5.9,Mall Road,ROAD_CLOSURE,Pakistan
1237,33.0342,73.5644,5.6,Shahrah-e-Faisal,ROAD_CLOSURE,London
1238,30.7991,69.5181,5.9,M-2 Motorway,ROAD_WORKS,London
1239,30.6587,68.2107,3.2,Mall Road,ACCIDENT,London
1240,35.169,73.5324,1.2,Peshawar Rd,TRAFFIC_JAM,Pakistan
1241,33.6348,71.6621,6.6,GT Road,ACCIDENT,London
1242,24.8255,72.7301,5.8,Peshawar Rd,TRAFFIC_JAM,Pakistan
1243,28.0766,70.9884,3.7,Mall Road,ACCIDENT,London
1244,27.8285,70.8869,2.7,GT Road,ROAD_WORKS,London
1245,31.6495,74.237,2.8,Peshawar Rd,ACCIDENT,London
1246,31.219,74.0857,3.7,M-2 Motorway,ROAD_CLOSURE,London
1247,31.5858,67.5954,1.8,Ring Road,ROAD_CLOSURE,Pakistan
1248,26.5207,69.7293,6.2,Mall Road,ROAD_WORKS,Pakistan
1249,31.4754,70.3029,4.7,GT Road,TRAFFIC_JAM,Pakistan
1250,29.0601,72.7193,9.2,GT Road,ROAD_CLOSURE,London
1251,34.8968,68.8892,1.9,GT Road,ACCIDENT,Pakistan
1252,33.7706,72.6306,4.6,GT Road,ROAD_WORKS,Pakistan
1253,29.7196,68.9208,10.0,Shahrah-e-Faisal,ROAD_CLOSURE,London
1254,26.1303,68.5737,3.8,Ring Road,ACCIDENT,Pakistan
1255,28.4444,67.6234,2.8,M-2 Motorway,ACCIDENT,Pakistan
1256,28.2284,73.4142,3.1,Mall Road,ROAD_CLOSURE,Pakistan
1257,24.7889,70.5063,4.3,Ring Road,TRAFFIC_JAM,Pakistan
1258,36.821,70.5942,1.3,Ring Road,ROAD_WORKS,London
1259,24.053,72.5639,4.9,Shahrah-e-Faisal,ROAD_CLOSURE,Pakistan
1260,32.4897,74.6205,9.7,Mall Road,ROAD_CLOSURE,London
1261,30.5602,73.4116,9.5,Ring Road,ROAD_WORKS,London
1262,31.2829,70.8904,9.0,M-2 Motorway,TRAFFIC_JAM,London
1263,27.6084,71.6773,9.8,GT Road,ROAD_WORKS,London
1264,24.6864,68.1739,1.1,Ring Road,ROAD_CLOSURE,London
1265,33.503,72.6077,8.0,Peshawar Rd,ROAD_CLOSURE,London
1266,31.8248,69.0766,7.5,Mall Road,ROAD_CLOSURE,Pakistan
1267,27.8204,70.7571,7.5,Ring Road,ROAD_CLOSURE,Pakistan
1268,30.544,72.6855,9.5,Peshawar Rd,ROAD_CLOSURE,Pakistan
1269,33.3132,67.5746,3.9,Shahrah-e-Faisal,TRAFFIC_JAM,London
1270,36.0154,68.2295,4.4,M-2 Motorway,ACCIDENT,Pakistan
1271,27.2024,70.5922,4.7,GT Road,ROAD_CLOSURE,Pakistan
1272,32.5894,71.1572,8.6,GT Road,ROAD_CLOSURE,London
1273,26.454,72.6647,7.3,Shahrah-e-Faisal,ACCIDENT,London
1274,31.8698,71.6527,6.6,Mall Road,ACCIDENT,London
1275,29.6132,72.2932,5.9,M-2 Motorway,TRAFFIC_JAM,London
1276,26.3971,68.3691,3.4,GT Road,ROAD_CLOSURE,London
1277,24.4679,74.577,8.6,Peshawar Rd,ACCIDENT,Pakistan
1278,35.5206,67.0718,4.3,Peshawar Rd,ACCIDENT,Pakistan
1279,32.633,72.7229,9.8,Peshawar Rd,ROAD_CLOSURE,London
1280,30.0042,70.4943,8.7,Peshawar Rd,ACCIDENT,London
1281,30.5774,67.3484,7.3,Ring Road,ROAD_CLOSURE,Pakistan
1282,29.6538,74.9202,8.1,Mall Road,TRAFFIC_JAM,London
1283,26.8077,70.1302,3.8,Mall Road,ROAD_WORKS,Pakistan
1284,28.1359,74.1678,5.9,GT Road,TRAFFIC_JAM,London
1285,36.4906,69.5707,8.9,M-2 Motorway,ACCIDENT,Pakistan
1286,26.5402,73.13,8.2,Ring Road,ROAD_WORKS,Pakistan
1287,27.4148,68.2713,4.5,M-2 Motorway,TRAFFIC_JAM,London
1288,25.9534,71.3319,1.2,Mall Road,TRAFFIC_JAM,London
1289,29.3104,67.4677,3.1,Peshawar Rd,TRAFFIC_JAM,Pakistan
1290,34.8899,68.1854,5.2,GT Road,TRAFFIC_JAM,London
1291,29.2353,73.5664,9.6,M-2 Motorway,ROAD_WORKS,Pakistan
1292,28.2986,67.2832,6.8,Shahrah-e-Faisal,ACCIDENT,Pakistan
1293,36.5734,72.3399,8.5,Peshawar Rd,TRAFFIC_JAM,Pakistan
1294,33.3128,72.5673,3.1,Peshawar Rd,TRAFFIC_JAM,Pakistan
1295,24.8549,74.3879,8.8,Mall Road,ROAD_WORKS,London
1296,36.7642,72.6298,4.4,Peshawar Rd,ROAD_WORKS,London
1297,36.1693,72.7851,9.4,Peshawar Rd,ROAD_WORKS,Pakistan
1298,34.5351,67.8665,2.2,Ring Road,ROAD_CLOSURE,Pakistan
1299,29.4025,72.9699,6.8,Mall Road,ROAD_WORKS,London
1300,28.9551,73.1326,4.8,GT Road,ROAD_CLOSURE,London
1301,26.3358,68.4998,8.0,GT Road,ROAD_CLOSURE,Pakistan
1302,28.1307,68.4173,6.2,Mall Road,ROAD_CLOSURE,London
1303,36.8928,69.2869,6.5,Ring Road,ROAD_CLOSURE,London
1304,30.9211,67.7365,8.6,GT Road,TRAFFIC_JAM,Pakistan
1305,32.6044,70.6848,9.2,Peshawar Rd,TRAFFIC_JAM,London
1306,27.9682,72.1552,9.8,Shahrah-e-Faisal,ACCIDENT,Pakistan
1307,24.6568,74.4574,6.1,Peshawar Rd,ROAD_CLOSURE,London
1308,33.4849,67.9021,6.2,GT Road,TRAFFIC_JAM,London
1309,31.9924,67.8733,6.9,GT Road,ROAD_CLOSURE,Pakistan
1310,30.3533,67.2646,8.9,Shahrah-e-Faisal,ACCIDENT,London
1311,29.9584,71.4384,8.7,Peshawar Rd,ROAD_CLOSURE,Pakistan
1312,30.3341,67.0671,4.5,Peshawar Rd,TRAFFIC_JAM,Pakistan
1313,24.8408,73.3043,7.0,Ring Road,TRAFFIC_JAM,Pakistan
1314,31.1634,74.696,1.6,Ring Road,ACCIDENT,London
1315,28.4654,69.6307,8.7,Peshawar Rd,TRAFFIC_JAM,London
1316,35.7987,73.2863,1.4,Mall Road,TRAFFIC_JAM,London
1317,26.2943,69.5714,1.8,Mall Road,ACCIDENT,London
1318,36.9677,74.188,1.7,Shahrah-e-Faisal,ACCIDENT,London
1319,35.5988,74.0814,5.2,Peshawar Rd,ROAD_WORKS,Pakistan
1320,35.8637,69.7741,9.3,Ring Road,ROAD_WORKS,London
1321,30.6548,68.3978,3.6,Peshawar Rd,ACCIDENT,Pakistan
1322,31.392,73.8008,7.6,GT Road,ROAD_CLOSURE,London
1323,33.7197,69.9748,9.5,Peshawar Rd,ROAD_WORKS,Pakistan
1324,25.7981,72.5915,6.0,Peshawar Rd,TRAFFIC_JAM,Pakistan
1325,28.1016,72.397,3.1,Mall Road,ACCIDENT,Pakistan
1326,30.8276,69.4456,5.9,Peshawar Rd,TRAFFIC_JAM,London
1327,24.9372,71.0523,3.0,Shahrah-e-Faisal,TRAFFIC_JAM,Pakistan
1328,36.9666,67.9081,2.2,Mall Road,ROAD_WORKS,Pakistan
1329,31.837,67.673,6.8,Shahrah-e-Faisal,ROAD_WORKS,London
1330,36.1639,67.9749,2.8,Shahrah-e-Faisal,TRAFFIC_JAM,Pakistan
1331,29.8417,69.3906,9.9,Shahrah-e-Faisal,ACCIDENT,London
1332,28.2891,68.4241,5.2,Peshawar Rd,ACCIDENT,London
1333,32.0273,68.1157,9.5,GT Road,ACCIDENT,Pakistan
1334,36.9607,74.1866,2.2,M-2 Motorway,ROAD_WORKS,London
1335,36.4862,72.9157,5.7,Peshawar Rd,ROAD_WORKS,Pakistan
1336,29.1381,73.5818,6.3,GT Road,ROAD_WORKS,Pakistan
1337,35.8625,70.6765,7.9,Peshawar Rd,TRAFFIC_JAM,Pakistan
1338,24.6374,69.7996,3.1,GT Road,TRAFFIC_JAM,London
1339,34.2137,68.9156,2.3,Mall Road,ROAD_CLOSURE,London
1340,33.4597,68.3738,2.9,Shahrah-e-Faisal,TRAFFIC_JAM,London
1341,26.869,69.9242,6.6,Ring Road,TRAFFIC_JAM,London
1342,30.544,68.9617,8.9,Ring Road,ROAD_CLOSURE,Pakistan
1343,35.6043,74.2794,8.4,Shahrah-e-Faisal,TRAFFIC_JAM,Pakistan
1344,29.5186,68.9523,6.1,Mall Road,ACCIDENT,London
1345,36.9235,72.3856,5.8,Ring Road,ACCIDENT,Pakistan
1346,31.7045,67.5064,8.5,M-2 Motorway,TRAFFIC_JAM,Pakistan
1347,36.1585,70.89,1.2,Shahrah-e-Faisal,ROAD_CLOSURE,Pakistan
1348,36.1827,74.6359,5.8,M-2 Motorway,ROAD_CLOSURE,Pakistan
1349,30.0735,68.3569,6.3,Shahrah-e-Faisal,ACCIDENT,Pakistan
1350,30.9517,67.5232,7.7,Shahrah-e-Faisal,TRAFFIC_JAM,Pakistan
1351,35.1239,72.8526,5.9,Mall Road,ROAD_WORKS,London
1352,26.0642,67.1085,6.7,M-2 Motorway,ROAD_WORKS,Pakistan
1353,27.2965,68.6712,5.0,GT Road,TRAFFIC_JAM,Pakistan
1354,31.2477,74.1369,4.1,Ring Road,ROAD_WORKS,Pakistan
1355,25.3598,70.6696,3.3,GT Road,ROAD_WORKS,London
1356,25.5584,72.1413,8.4,Peshawar Rd,TRAFFIC_JAM,Pakistan
1357,32.3951,73.0836,2.3,M-2 Motorway,ACCIDENT,London
1358,33.542,74.6269,3.8,Ring Road,ACCIDENT,Pakistan
1359,31.0993,74.294,1.9,Mall Road,TRAFFIC_JAM,London
1360,35.0888,71.0198,9.2,Peshawar Rd,ACCIDENT,Pakistan
1361,34.2446,74.9187,8.7,Ring Road,ACCIDENT,London
1362,36.1341,73.5425,4.2,M-2 Motorway,ACCIDENT,Pakistan
1363,24.1078,73.8605,3.5,Mall Road,ROAD_CLOSURE,Pakistan
1364,29.7092,67.2818,4.7,Shahrah-e-Faisal,ROAD_WORKS,London
1365,24.4962,74.7571,2.7,Shahrah-e-Faisal,ROAD_CLOSURE,Pakistan
1366,34.1532,74.9587,9.6,M-2 Motorway,ACCIDENT,Pakistan
1367,34.4001,68.6659,7.0,M-2 Motorway,ACCIDENT,London
1368,31.8383,71.3897,7.2,Mall Road,ROAD_WORKS,London
1369,26.1734,69.8751,3.6,GT Road,TRAFFIC_JAM,London
1370,27.6564,69.4155,9.2,Mall Road,ACCIDENT,Pakistan
1371,32.0883,71.0539,5.2,Ring Road,ACCIDENT,London
1372,27.4847,72.1663,1.3,Peshawar Rd,ROAD_WORKS,Pakistan
1373,32.1026,70.992,1.6,M-2 Motorway,TRAFFIC_JAM,Pakistan
1374,27.5924,67.6456,5.4,M-2 Motorway,ROAD_CLOSURE,Pakistan
1375,25.0508,74.0842,1.4,M-2 Motorway,TRAFFIC_JAM,Pakistan
1376,25.6573,74.0637,2.6,Shahrah-e-Faisal,ROAD_WORKS,Pakistan
1377,26.4589,70.1884,6.7,Mall Road,ACCIDENT,Pakistan
1378,26.1543,69.0836,6.7,M-2 Motorway,ROAD_CLOSURE,London
1379,34.1966,67.9199,1.2,Peshawar Rd,ROAD_CLOSURE,Pakistan
1380,30.6792,72.9875,6.8,Ring Road,ROAD_WORKS,London
1381,24.3446,71.5583,7.8,Ring Road,TRAFFIC_JAM,London
1382,24.5942,67.4342,3.5,M-2 Motorway,ACCIDENT,London
1383,31.1538,67.7774,1.3,M-2 Motorway,ACCIDENT,Pakistan
1384,30.2482,74.5222,6.9,M-2 Motorway,ROAD_WORKS,London
1385,30.7242,72.4808,9.0,Peshawar Rd,ROAD_WORKS,Pakistan
1386,28.5735,72.5683,3.1,Ring Road,ACCIDENT,Pakistan
1387,33.1777,74.048,1.2,Mall Road,ACCIDENT,London
1388,29.1642,69.7972,4.1,Ring Road,ROAD_CLOSURE,London
1389,34.6172,72.8316,1.7,Peshawar Rd,TRAFFIC_JAM,Pakistan
1390,36.4467,70.6077,1.6,Shahrah-e-Faisal,ROAD_WORKS,Pakistan
1391,32.6301,71.1884,4.2,GT Road,ROAD_WORKS,London
1392,28.0014,70.149,5.1,Shahrah-e-Faisal,ACCIDENT,London
1393,29.7944,69.3833,3.0,Shahrah-e-Faisal,ROAD_CLOSURE,Pakistan
1394,26.238,71.5412,5.2,Mall Road,TRAFFIC_JAM,Pakistan
1395,29.597,73.5271,4.0,Ring Road,ROAD_CLOSURE,Pakistan
1396,25.6437,74.7178,4.5,Ring Road,ROAD_CLOSURE,Pakistan
1397,29.9322,67.0019,2.8,Peshawar Rd,ROAD_WORKS,London
1398,24.5256,74.0636,9.8,GT Road,ROAD_CLOSURE,Pakistan
1399,27.0194,74.3294,7.7,GT Road,ROAD_WORKS,London
1400,36.0333,72.1903,1.2,M-2 Motorway,ROAD_WORKS,Pakistan
1401,35.7094,74.3371,9.0,GT Road,ROAD_WORKS,London
1402,33.9172,71.5027,3.6,M-2 Motorway,ROAD_CLOSURE,London
1403,36.7563,70.506,8.0,Peshawar Rd,ROAD_WORKS,London
1404,25.2114,74.2244,3.8,Mall Road,ROAD_WORKS,Pakistan
1405,34.161,73.3821,9.5,M-2 Motorway,ROAD_CLOSURE,London
1406,26.2127,68.5457,8.0,Peshawar Rd,TRAFFIC_JAM,Pakistan
1407,31.2141,71.4278,8.8,Mall Road,ROAD_CLOSURE,London
1408,31.054,74.2994,3.5,GT Road,ACCIDENT,London
1409,25.1201,70.2652,9.5,M-2 Motorway,ACCIDENT,Pakistan
1410,30.8389,67.885,1.9,Mall Road,ACCIDENT,Pakistan
1411,35.7774,72.0105,9.3,Ring Road,TRAFFIC_JAM,London
1412,25.1811,68.1883,4.6,GT Road,ROAD_CLOSURE,London
1413,26.9473,67.1762,9.2,Mall Road,ROAD_CLOSURE,Pakistan
1414,26.9796,74.3194,2.9,GT Road,ROAD_CLOSURE,Pakistan
1415,32.2416,73.1463,6.6,GT Road,ROAD_WORKS,Pakistan
1416,27.8803,69.8341,7.3,M-2 Motorway,ACCIDENT,London
1417,34.0092,73.6537,2.5,Mall Road,ROAD_WORKS,London
1418,34.3888,70.5005,7.2,GT Road,ROAD_CLOSURE,London
1419,24.1265,73.8324,5.2,GT Road,ROAD_WORKS,London
1420,32.644,68.6501,5.3,GT Road,ROAD_CLOSURE,London
1421,33.4393,67.6761,7.4,GT Road,ROAD_WORKS,Pakistan
1422,32.4746,72.1841,3.1,Mall Road,ROAD_CLOSURE,Pakistan
1423,26.7176,71.4597,6.5,Ring Road,ROAD_WORKS,London
1424,35.4444,69.1796,8.8,Peshawar Rd,ROAD_CLOSURE,Pakistan
1425,29.3445,70.9757,5.8,M-2 Motorway,ROAD_CLOSURE,London
1426,29.054,74.7094,5.3,Mall Road,TRAFFIC_JAM,Pakistan
1427,24.3056,71.639,3.6,GT Road,ROAD_WORKS,London
1428,33.7557,68.5827,2.1,GT Road,ROAD_WORKS,London
1429,24.2069,72.2606,1.4,M-2 Motorway,ROAD_CLOSURE,London
1430,31.9312,71.0425,9.5,Shahrah-e-Faisal,ROAD_WORKS,London
1431,35.8472,69.0724,8.1,M-2 Motorway,TRAFFIC_JAM,London
1432,31.5377,68.3319,9.9,M-2 Motorway,ROAD_CLOSURE,Pakistan
1433,24.274,74.8265,3.6,Mall Road,ROAD_WORKS,London
1434,24.1855,73.1486,6.0,M-2 Motorway,ACCIDENT,London
1435,26.911,68.0328,9.7,GT Road,ACCIDENT,Pakistan
1436,33.4491,70.7728,3.1,Peshawar Rd,ROAD_WORKS,Pakistan
1437,30.6364,70.5197,7.2,GT Road,TRAFFIC_JAM,Pakistan
1438,25.3787,74.8982,2.9,GT Road,TRAFFIC_JAM,Pakistan
1439,25.3041,69.451,4.3,Shahrah-e-Faisal,ROAD_WORKS,London
1440,32.4749,71.7233,7.7,GT Road,ROAD_CLOSURE,Pakistan
1441,31.4733,67.7038,1.6,GT Road,ROAD_WORKS,London
1442,28.9271,73.1247,8.9,GT Road,ROAD_WORKS,London
1443,30.877,68.6821,3.4,Ring Road,TRAFFIC_JAM,Pakistan
1444,26.8235,74.0548,5.2,GT Road,ROAD_CLOSURE,London
1445,36.7058,74.9407,4.3,Shahrah-e-Faisal,ROAD_CLOSURE,Pakistan
1446,36.2732,68.584,8.8,Mall Road,ROAD_CLOSURE,London
1447,33.3661,74.361,3.1,Ring Road,ACCIDENT,London
1448,24.0336,74.6161,6.5,M-2 Motorway,ROAD_CLOSURE,Pakistan
1449,29.2926,68.9633,3.5,Mall Road,ACCIDENT,London
1450,35.8266,73.0126,7.7,GT Road,ROAD_WORKS,London
1451,27.2481,73.7449,9.0,M-2 Motorway,ROAD_CLOSURE,London
1452,29.7982,68.2085,7.9,Peshawar Rd,ROAD_WORKS,London
1453,30.2761,67.405,2.2,Mall Road,ACCIDENT,London
1454,35.995,67.1166,5.6,Peshawar Rd,ROAD_WORKS,London
1455,30.392,67.7075,6.0,M-2 Motorway,TRAFFIC_JAM,London
1456,24.1984,74.4686,1.7,M-2 Motorway,ACCIDENT,London
1457,36.6523,73.4959,10.0,GT Road,ROAD_CLOSURE,Pakistan
1458,31.5147,70.9987,2.9,Peshawar Rd,ACCIDENT,Pakistan
1459,30.1518,68.6367,4.5,M-2 Motorway,TRAFFIC_JAM,London
1460,24.7177,68.125,9.7,Shahrah-e-Faisal,ROAD_CLOSURE,Pakistan
1461,29.6964,73.7447,1.7,Peshawar Rd,ROAD_WORKS,London
1462,28.9665,74.6413,8.4,Peshawar Rd,ACCIDENT,Pakistan
1463,33.0301,68.3518,9.0,Mall Road,ROAD_WORKS,London
1464,25.4214,71.7667,8.0,Mall Road,TRAFFIC_JAM,Pakistan
1465,28.3929,73.3165,6.2,Mall Road,ROAD_CLOSURE,London
1466,25.0625,68.1712,9.2,Shahrah-e-Faisal,ACCIDENT,Pakistan
1467,30.8753,71.8002,8.2,Ring Road,ROAD_WORKS,Pakistan
1468,32.396,74.5503,5.6,Shahrah-e-Faisal,ROAD_CLOSURE,London
1469,34.1905,72.7109,9.3,Peshawar Rd,TRAFFIC_JAM,London
1470,36.2661,70.5426,8.0,Mall Road,TRAFFIC_JAM,Pakistan
1471,30.3875,69.8018,9.3,M-2 Motorway,ROAD_CLOSURE,Pakistan
1472,36.4711,69.2285,1.2,Shahrah-e-Faisal,ROAD_WORKS,London
1473,26.8783,70.4634,7.7,M-2 Motorway,ROAD_WORKS,Pakistan
1474,35.4354,68.4031,6.8,GT Road,ROAD_CLOSURE,Pakistan
1475,27.5238,71.0983,3.0,M-2 Motorway,ROAD_CLOSURE,Pakistan
1476,35.4912,69.8293,5.0,Mall Road,ACCIDENT,Pakistan
1477,25.4379,70.5316,3.2,Mall Road,TRAFFIC_JAM,Pakistan
1478,27.5406,73.6348,1.1,M-2 Motorway,TRAFFIC_JAM,Pakistan
1479,33.3211,73.1266,6.9,Ring Road,ROAD_CLOSURE,London
1480,36.3899,68.2922,4.7,Peshawar Rd,ROAD_CLOSURE,Pakistan
1481,30.9889,71.947,5.6,Peshawar Rd,TRAFFIC_JAM,London
1482,35.2789,71.8365,4.9,Shahrah-e-Faisal,ROAD_CLOSURE,Pakistan
1483,31.1359,69.5847,7.1,Shahrah-e-Faisal,ROAD_WORKS,London
1484,27.9416,68.8191,2.8,Peshawar Rd,ROAD_CLOSURE,Pakistan
1485,29.5587,73.2402,4.0,GT Road,TRAFFIC_JAM,Pakistan
1486,24.0859,73.5915,6.5,Ring Road,ACCIDENT,London
1487,35.5715,69.8578,2.3,Mall Road,ACCIDENT,Pakistan
1488,31.6038,71.2852,2.5,Shahrah-e-Faisal,ACCIDENT,London
1489,30.8602,74.6417,5.4,Ring Road,ROAD_WORKS,London
1490,31.9712,68.9534,5.2,Peshawar Rd,ROAD_CLOSURE,Pakistan
1491,34.413,73.0777,2.6,Peshawar Rd,ACCIDENT,London
1492,31.0057,71.4038,5.5,Peshawar Rd,ROAD_WORKS,London
1493,29.7177,71.5894,8.0,Mall Road,ACCIDENT,Pakistan
1494,25.8528,71.8917,9.7,Shahrah-e-Faisal,ACCIDENT,London
1495,31.077,69.7121,2.8,Mall Road,ROAD_WORKS,Pakistan
1496,27.8822,67.3272,6.0,M-2 Motorway,TRAFFIC_JAM,Pakistan
1497,28.69,68.493,5.4,Peshawar Rd,ROAD_WORKS,Pakistan
1498,28.3587,72.0123,9.8,Peshawar Rd,ROAD_CLOSURE,Pakistan
1499,27.3217,69.0037,3.2,Mall Road,TRAFFIC_JAM,London
1500,32.4635,74.9557,7.8,GT Road,ROAD_WORKS,Pakistan
1501,26.3112,67.5496,3.6,Ring Road,ROAD_CLOSURE,Pakistan
1502,25.7802,74.0712,1.9,Ring Road,ROAD_CLOSURE,Pakistan
1503,30.003,73.4138,3.3,Mall Road,ACCIDENT,Pakistan
1504,33.1083,68.0269,8.3,M-2 Motorway,ROAD_CLOSURE,Pakistan
1505,35.1816,70.7901,7.4,Peshawar Rd,ACCIDENT,Pakistan
1506,33.1352,74.7298,1.2,Ring Road,ROAD_WORKS,Pakistan
1507,29.538,69.9599,1.2,Ring Road,ROAD_WORKS,Pakistan
1508,26.5371,72.8412,7.7,Peshawar Rd,ROAD_CLOSURE,London
1509,32.9452,67.7984,4.9,M-2 Motorway,TRAFFIC_JAM,London
1510,35.6512,69.7765,1.7,Shahrah-e-Faisal,ROAD_WORKS,Pakistan
1511,36.2209,74.4435,3.8,GT Road,TRAFFIC_JAM,Pakistan
1512,35.6079,71.2472,9.2,Mall Road,ROAD_CLOSURE,Pakistan
1513,34.7227,72.4695,2.0,M-2 Motorway,ROAD_WORKS,London
1514,24.5905,73.7385,4.4,M-2 Motorway,ROAD_CLOSURE,London
1515,34.2201,68.0144,8.1,Peshawar Rd,ROAD_WORKS,Pakistan
1516,36.5966,73.1587,5.7,Shahrah-e-Faisal,ROAD_CLOSURE,Pakistan
1517,28.8918,73.0599,6.5,Ring Road,ACCIDENT,London
1518,34.459,74.4715,8.1,Ring Road,TRAFFIC_JAM,Pakistan
1519,26.1412,74.689,8.0,Peshawar Rd,ROAD_CLOSURE,London
1520,32.4039,68.2508,3.1,Mall Road,ACCIDENT,Pakistan
1521,36.2866,67.3343,8.0,Shahrah-e-Faisal,ROAD_CLOSURE,London
1522,24.072,72.4142,3.3,Shahrah-e-Faisal,ROAD_WORKS,Pakistan
1523,26.9752,69.1939,6.3,Shahrah-e-Faisal,ROAD_WORKS,London
1524,31.4958,72.1104,2.9,GT Road,TRAFFIC_JAM,Pakistan
1525,36.3041,71.8192,6.8,Shahrah-e-Faisal,ACCIDENT,London
1526,35.2269,74.3555,7.4,M-2 Motorway,ROAD_WORKS,London
1527,28.5823,69.1926,5.4,GT Road,ROAD_WORKS,London
1528,30.1045,69.3971,3.6,M-2 Motorway,TRAFFIC_JAM,Pakistan
1529,36.3513,67.9589,2.0,Shahrah-e-Faisal,ACCIDENT,Pakistan
1530,32.2741,73.6076,9.3,Peshawar Rd,ROAD_CLOSURE,Pakistan
1531,35.7353,71.8908,8.7,Shahrah-e-Faisal,ROAD_CLOSURE,London
1532,25.8978,71.2486,1.4,Ring Road,ACCIDENT,Pakistan
1533,30.545,74.0445,8.1,Mall Road,ROAD_CLOSURE,London
1534,36.7588,73.6194,3.4,Mall Road,TRAFFIC_JAM,London
1535,33.6551,71.76,2.5,M-2 Motorway,ROAD_WORKS,London
1536,32.5519,67.2697,6.5,Peshawar Rd,ROAD_CLOSURE,London
1537,33.8093,74.7171,7.1,Shahrah-e-Faisal,ROAD_WORKS,London
1538,25.0093,73.9171,9.9,Peshawar Rd,ROAD_WORKS,Pakistan
1539,33.9296,71.0052,8.4,Peshawar Rd,ROAD_CLOSURE,Pakistan
1540,33.8552,72.1347,1.8,M-2 Motorway,ROAD_WORKS,Pakistan
1541,32.3942,74.6515,3.3,Ring Road,ROAD_CLOSURE,London
1542,33.1562,74.2746,9.6,M-2 Motorway,ROAD_WORKS,Pakistan
1543,35.4984,70.4214,5.0,M-2 Motorway,TRAFFIC_JAM,London
1544,26.1425,70.7016,7.0,Mall Road,ACCIDENT,London
1545,25.3385,72.238,7.4,GT Road,TRAFFIC_JAM,London
1546,25.0865,67.3135,1.3,GT Road,ROAD_WORKS,Pakistan
1547,35.282,67.3222,6.8,Peshawar Rd,ACCIDENT,Pakistan
1548,25.7568,69.4257,6.2,GT Road,ROAD_WORKS,London
1549,27.5706,71.9451,3.0,Peshawar Rd,ACCIDENT,Pakistan
1550,29.2282,73.3566,9.6,GT Road,TRAFFIC_JAM,London
1551,24.2997,72.3674,3.0,GT Road,TRAFFIC_JAM,London
1552,32.9716,68.9546,6.0,GT Road,ACCIDENT,London
1553,36.5307,69.2454,9.0,Mall Road,ROAD_CLOSURE,London
1554,24.045,72.9218,4.3,M-2 Motorway,TRAFFIC_JAM,Pakistan
1555,32.572,67.5986,7.9,Shahrah-e-Faisal,ROAD_CLOSURE,Pakistan
1556,29.4061,72.2659,9.7,Ring Road,TRAFFIC_JAM,Pakistan
1557,34.6509,71.7143,7.3,M-2 Motorway,ROAD_CLOSURE,London
1558,25.2487,70.9445,1.8,Ring Road,ROAD_CLOSURE,London
1559,24.0918,72.4401,7.1,M-2 Motorway,TRAFFIC_JAM,Pakistan
1560,32.2426,71.5388,7.2,Mall Road,ACCIDENT,Pakistan
1561,32.5917,67.4988,7.9,Mall Road,ROAD_CLOSURE,Pakistan
1562,36.7184,74.3843,1.2,Mall Road,ACCIDENT,Pakistan
1563,24.2521,69.0375,2.8,Ring Road,ACCIDENT,London
1564,35.2236,69.7667,1.9,GT Road,ROAD_WORKS,London
1565,30.2974,72.6078,2.7,Mall Road,ACCIDENT,Pakistan
1566,30.507,68.8704,7.9,Peshawar Rd,ROAD_CLOSURE,London
1567,30.5561,69.8305,6.0,Ring Road,ROAD_WORKS,London
1568,27.1999,72.676,6.7,GT Road,TRAFFIC_JAM,Pakistan
1569,30.6365,73.1449,7.1,Peshawar Rd,ACCIDENT,Pakistan
1570,36.2469,67.6228,7.6,M-2 Motorway,ACCIDENT,Pakistan
1571,32.2385,74.6094,3.9,M-2 Motorway,TRAFFIC_JAM,Pakistan
1572,30.1777,73.8369,7.2,M-2 Motorway,ROAD_WORKS,Pakistan
1573,31.6255,70.2925,1.9,Shahrah-e-Faisal,ROAD_CLOSURE,Pakistan
1574,28.5349,67.4804,1.5,M-2 Motorway,ROAD_WORKS,Pakistan
1575,31.7857,72.9961,6.4,GT Road,ACCIDENT,Pakistan
1576,27.487,71.9734,4.3,Ring Road,ACCIDENT,Pakistan
1577,27.3099,71.3884,4.9,GT Road,ROAD_CLOSURE,London
1578,36.4386,67.7148,9.8,Shahrah-e-Faisal,ROAD_WORKS,London
1579,31.8876,71.2069,6.5,M-2 Motorway,TRAFFIC_JAM,London
1580,27.8974,69.94,9.9,M-2 Motorway,ROAD_CLOSURE,Pakistan
1581,32.7091,72.9156,9.8,Mall Road,ROAD_CLOSURE,Pakistan
1582,32.7359,68.696,6.2,Mall Road,ROAD_WORKS,Pakistan
1583,25.7315,71.1758,4.4,Ring Road,TRAFFIC_JAM,Pakistan
1584,33.7805,71.624,8.7,Peshawar Rd,TRAFFIC_JAM,Pakistan
1585,27.7394,69.0045,4.3,Ring Road,ACCIDENT,London
1586,27.3561,70.756,7.2,Mall Road,ROAD_WORKS,London
1587,31.1806,73.4237,1.7,Mall Road,TRAFFIC_JAM,Pakistan
1588,34.443,72.0101,9.3,Peshawar Rd,ACCIDENT,London
1589,36.6392,73.4708,6.0,Shahrah-e-Faisal,TRAFFIC_JAM,London
1590,25.275,67.4014,10.0,Ring Road,ROAD_CLOSURE,Pakistan
1591,36.4142,67.2395,2.8,Peshawar Rd,ROAD_WORKS,Pakistan
1592,35.7525,74.1532,7.8,M-2 Motorway,ROAD_WORKS,Pakistan
1593,24.4489,68.9657,5.9,M-2 Motorway,ACCIDENT,London
1594,30.0114,71.6287,3.1,Peshawar Rd,ROAD_WORKS,London
1595,33.4759,70.2129,9.0,GT Road,ROAD_WORKS,Pakistan
1596,25.1938,69.9075,9.5,Mall Road,TRAFFIC_JAM,Pakistan
1597,28.4152,68.217,5.0,M-2 Motorway,ROAD_CLOSURE,Pakistan
1598,32.0319,70.7726,9.5,Peshawar Rd,TRAFFIC_JAM,Pakistan
1599,34.5595,69.6705,2.7,Peshawar Rd,ROAD_CLOSURE,London
1600,26.0019,73.216,2.5,Ring Road,ROAD_CLOSURE,Pakistan
1601,34.3612,73.5545,1.1,GT Road,ROAD_CLOSURE,Pakistan
1602,28.9466,71.8837,2.2,Ring Road,ROAD_WORKS,Pakistan
1603,32.691,72.9692,9.0,Ring Road,ACCIDENT,Pakistan
1604,34.1374,73.7406,1.4,GT Road,ACCIDENT,Pakistan
1605,27.0959,72.8498,1.2,Shahrah-e-Faisal,TRAFFIC_JAM,London
1606,28.0656,71.7157,9.1,Mall Road,ROAD_WORKS,Pakistan
1607,25.9716,71.4162,7.0,GT Road,TRAFFIC_JAM,London
1608,24.2205,69.1811,2.3,GT Road,ROAD_WORKS,London
1609,24.0197,67.3617,4.1,GT Road,ACCIDENT,London
1610,24.1266,69.8897,1.7,Peshawar Rd,ROAD_WORKS,Pakistan
1611,28.0203,71.0456,7.8,Mall Road,ROAD_WORKS,London
1612,27.5582,72.2518,6.7,Ring Road,TRAFFIC_JAM,London
1613,27.3784,69.7062,1.9,Ring Road,ROAD_CLOSURE,London
1614,32.5302,67.0793,7.1,Shahrah-e-Faisal,ROAD_WORKS,Pakistan
1615,32.3418,68.6339,4.7,GT Road,TRAFFIC_JAM,London
1616,36.515,67.1559,7.7,Mall Road,TRAFFIC_JAM,Pakistan
1617,27.1292,67.9205,4.1,M-2 Motorway,ACCIDENT,Pakistan
1618,29.4191,73.0129,7.6,Peshawar Rd,ROAD_WORKS,Pakistan
1619,34.1929,70.6888,9.0,GT Road,ROAD_WORKS,Pakistan
1620,36.2748,73.3967,1.4,Shahrah-e-Faisal,ROAD_WORKS,Pakistan
1621,24.8898,72.7232,3.3,Mall Road,ACCIDENT,Pakistan
1622,35.1095,71.3991,5.3,GT Road,ROAD_WORKS,Pakistan
1623,25.2556,67.0772,4.3,Ring Road,ACCIDENT,London
1624,30.7866,74.0654,5.3,Peshawar Rd,TRAFFIC_JAM,London
1625,26.8315,73.6597,9.4,Shahrah-e-Faisal,TRAFFIC_JAM,London
1626,25.0498,70.4067,3.6,Shahrah-e-Faisal,ROAD_WORKS,London
1627,31.192,67.8061,4.9,M-2 Motorway,ROAD_CLOSURE,Pakistan
1628,33.8236,73.673,8.3,GT Road,ROAD_CLOSURE,London
1629,35.0516,72.2312,1.1,Peshawar Rd,ACCIDENT,Pakistan
1630,26.7472,73.5647,5.0,GT Road,TRAFFIC_JAM,London
1631,29.0065,71.7118,6.0,Shahrah-e-Faisal,TRAFFIC_JAM,Pakistan
1632,36.3732,73.3142,6.8,GT Road,ROAD_WORKS,Pakistan
1633,32.9957,71.3555,10.0,Ring Road,TRAFFIC_JAM,Pakistan
1634,29.4981,71.842,9.5,Shahrah-e-Faisal,ROAD_WORKS,London
1635,36.8041,71.1004,3.1,M-2 Motorway,ROAD_CLOSURE,Pakistan
1636,33.8228,71.4441,7.7,M-2 Motorway,ROAD_WORKS,London
1637,25.0491,71.9818,3.8,GT Road,ROAD_CLOSURE,Pakistan
1638,36.4506,74.4419,4.0,Ring Road,ROAD_WORKS,Pakistan
1639,30.9919,70.8458,5.7,M-2 Motorway,ROAD_WORKS,London
1640,24.185,69.6122,7.1,Shahrah-e-Faisal,ROAD_CLOSURE,London
1641,31.2387,71.9495,4.5,Ring Road,TRAFFIC_JAM,Pakistan
1642,31.5598,74.1473,7.3,Mall Road,ROAD_CLOSURE,Pakistan
1643,24.5791,71.9292,1.5,GT Road,ACCIDENT,Pakistan
1644,35.9053,72.0996,3.3,Peshawar Rd,ROAD_WORKS,Pakistan
1645,33.7743,71.6666,2.8,Shahrah-e-Faisal,ROAD_WORKS,London
1646,33.3819,71.7042,7.9,M-2 Motorway,ROAD_WORKS,Pakistan
1647,33.2676,69.1222,5.5,Peshawar Rd,ACCIDENT,London
1648,33.3537,72.4057,9.4,Mall Road,TRAFFIC_JAM,Pakistan
1649,29.5254,67.2733,3.5,Mall Road,ROAD_CLOSURE,Pakistan
1650,25.2452,68.6605,6.9,GT Road,ROAD_CLOSURE,London
1651,32.2241,74.5568,8.5,Ring Road,ROAD_WORKS,Pakistan
1652,32.5317,70.8535,2.6,GT Road,ROAD_CLOSURE,Pakistan
1653,31.7895,67.4717,6.9,GT Road,ACCIDENT,Pakistan
1654,31.4832,74.408,3.9,GT Road,ROAD_CLOSURE,Pakistan
1655,25.9782,71.4577,5.5,Mall Road,ROAD_WORKS,Pakistan
1656,30.9964,71.4272,9.4,GT Road,ROAD_WORKS,Pakistan
1657,24.3243,68.1443,6.2,Mall Road,TRAFFIC_JAM,London
1658,27.1679,69.5533,2.4,Mall Road,ACCIDENT,London
1659,36.5482,71.6678,7.1,Ring Road,TRAFFIC_JAM,London
1660,32.7665,74.6275,1.7,M-2 Motorway,ROAD_CLOSURE,London
1661,24.999,73.2021,8.4,GT Road,ACCIDENT,Pakistan
1662,28.1741,69.2133,3.6,Mall Road,ROAD_CLOSURE,Pakistan
1663,36.6498,70.4915,4.3,Peshawar Rd,ROAD_CLOSURE,London
1664,27.2082,68.0038,4.7,M-2 Motorway,ACCIDENT,Pakistan
1665,30.7926,71.7743,9.2,GT Road,ROAD_CLOSURE,London
1666,33.9152,68.6537,9.5,Mall Road,TRAFFIC_JAM,London
1667,30.2892,73.0743,1.9,M-2 Motorway,ACCIDENT,Pakistan
1668,29.8622,70.535,4.7,Shahrah-e-Faisal,ROAD_CLOSURE,Pakistan
1669,36.4863,72.3102,8.5,Ring Road,TRAFFIC_JAM,London
1670,29.4559,73.8941,1.1,Peshawar Rd,ROAD_CLOSURE,London
1671,24.8116,74.5132,6.1,M-2 Motorway,ACCIDENT,Pakistan
1672,34.7935,69.3693,2.8,Peshawar Rd,TRAFFIC_JAM,London
1673,35.5039,71.8527,1.3,Mall Road,ACCIDENT,London
1674,27.8218,67.2274,4.0,Mall Road,TRAFFIC_JAM,London
1675,25.4645,74.1534,7.0,Peshawar Rd,ROAD_WORKS,Pakistan
1676,32.2111,73.8681,2.1,Peshawar Rd,ROAD_CLOSURE,Pakistan
1677,34.0009,69.9925,5.9,GT Road,ROAD_WORKS,London
1678,27.5279,70.8237,4.1,Mall Road,TRAFFIC_JAM,Pakistan
1679,30.6665,73.2336,9.9,Ring Road,ROAD_CLOSURE,London
1680,24.7619,71.5566,2.9,Mall Road,ROAD_WORKS,London
1681,31.8762,74.5219,9.7,Ring Road,ACCIDENT,Pakistan
1682,27.6157,73.8738,5.6,Shahrah-e-Faisal,ROAD_WORKS,London
1683,31.4906,70.0237,9.8,GT Road,ROAD_WORKS,Pakistan
1684,28.513,73.5019,7.1,Peshawar Rd,ACCIDENT,London
1685,32.686,67.4856,5.9,Shahrah-e-Faisal,ACCIDENT,Pakistan
1686,26.3668,68.9965,7.1,Mall Road,TRAFFIC_JAM,London
1687,25.0591,72.7415,5.6,Peshawar Rd,ROAD_CLOSURE,London
1688,29.9674,71.081,2.8,Mall Road,ACCIDENT,London
1689,31.4675,67.3694,6.2,GT Road,ACCIDENT,Pakistan
1690,30.8093,67.6685,4.4,Mall Road,ROAD_CLOSURE,London
1691,35.6414,71.7649,4.6,M-2 Motorway,ACCIDENT,London
1692,28.4152,73.1457,6.1,Mall Road,TRAFFIC_JAM,Pakistan
1693,33.8203,72.5174,1.9,Mall Road,ROAD_WORKS,London
1694,28.5767,68.2227,3.1,GT Road,ROAD_WORKS,London
1695,24.3142,70.5506,5.1,Mall Road,ROAD_CLOSURE,Pakistan
1696,29.0582,73.1355,9.6,Shahrah-e-Faisal,TRAFFIC_JAM,London
1697,31.043,68.2265,2.3,Peshawar Rd,ROAD_WORKS,London
1698,25.7879,70.4965,1.9,Peshawar Rd,ROAD_WORKS,Pakistan
1699,24.5852,69.7133,1.9,Shahrah-e-Faisal,ACCIDENT,Pakistan
1700,24.0619,70.9923,9.6,M-2 Motorway,ROAD_CLOSURE,Pakistan
1701,34.7925,70.2734,9.1,GT Road,ROAD_WORKS,Pakistan
1702,32.4173,74.1607,4.8,GT Road,ROAD_CLOSURE,Pakistan
1703,32.8776,69.8744,6.5,Ring Road,ROAD_WORKS,Pakistan
1704,31.7762,73.8913,9.1,Ring Road,ACCIDENT,London
1705,29.655,68.9728,9.7,Mall Road,ROAD_CLOSURE,London
1706,25.625,70.4599,5.9,Peshawar Rd,ROAD_CLOSURE,Pakistan
1707,25.9135,74.5825,6.3,Ring Road,ROAD_CLOSURE,Pakistan
1708,33.3187,68.5058,6.1,Peshawar Rd,ROAD_CLOSURE,London
1709,35.8578,69.2418,9.4,Shahrah-e-Faisal,ROAD_WORKS,London
1710,31.3547,67.5087,6.0,GT Road,ROAD_WORKS,London
1711,26.0272,67.8127,2.9,Ring Road,TRAFFIC_JAM,London
1712,29.7485,70.6055,2.5,Shahrah-e-Faisal,ACCIDENT,Pakistan
1713,24.9461,68.1864,9.7,Ring Road,ACCIDENT,London
1714,34.9245,72.16,5.3,Shahrah-e-Faisal,ACCIDENT,Pakistan
1715,27.7109,69.5753,8.0,M-2 Motorway,ACCIDENT,Pakistan
1716,30.9045,73.6556,3.6,Shahrah-e-Faisal,ROAD_CLOSURE,London
1717,26.3021,68.2996,3.2,Peshawar Rd,ROAD_CLOSURE,London
1718,25.4195,68.9591,6.3,Shahrah-e-Faisal,TRAFFIC_JAM,Pakistan
1719,25.8825,72.6334,4.7,Mall Road,ROAD_WORKS,London
1720,32.1786,67.281,3.9,Ring Road,ACCIDENT,Pakistan
1721,30.4406,67.5799,7.9,M-2 Motorway,ROAD_WORKS,Pakistan
1722,32.886,74.6002,2.8,Mall Road,ROAD_CLOSURE,London
1723,34.1869,70.3422,4.2,Peshawar Rd,ACCIDENT,Pakistan
1724,35.8681,71.5214,1.4,Peshawar Rd,ROAD_CLOSURE,London
1725,32.7456,74.696,5.7,Ring Road,ROAD_WORKS,London
1726,32.9103,68.3973,3.2,Mall Road,ROAD_WORKS,London
1727,31.0482,71.3794,1.0,Shahrah-e-Faisal,ROAD_CLOSURE,London
1728,27.6012,73.9559,9.8,Mall Road,TRAFFIC_JAM,Pakistan
1729,27.2294,74.6035,9.4,GT Road,TRAFFIC_JAM,London
1730,30.1868,74.0745,1.6,Shahrah-e-Faisal,ROAD_CLOSURE,London
1731,24.1416,69.8985,6.0,Shahrah-e-Faisal,ACCIDENT,Pakistan
1732,27.7916,71.4241,9.7,M-2 Motorway,ROAD_WORKS,London
1733,27.1645,74.4665,8.3,Mall Road,TRAFFIC_JAM,London
1734,29.7622,69.4953,7.2,Peshawar Rd,ROAD_CLOSURE,Pakistan
1735,35.1941,69.401,4.5,M-2 Motorway,ACCIDENT,Pakistan
1736,32.4879,71.582,6.4,Shahrah-e-Faisal,TRAFFIC_JAM,London
1737,30.2947,67.0347,1.7,Ring Road,ROAD_CLOSURE,London
1738,34.0055,72.7987,1.5,GT Road,TRAFFIC_JAM,London
1739,25.2218,67.5286,1.1,GT Road,ACCIDENT,London
1740,24.991,67.8067,2.1,GT Road,ROAD_WORKS,London
1741,25.6766,73.9119,5.6,Shahrah-e-Faisal,ROAD_WORKS,Pakistan
1742,29.5214,68.1234,4.7,Shahrah-e-Faisal,ROAD_WORKS,Pakistan
1743,28.8602,68.6118,8.3,M-2 Motorway,TRAFFIC_JAM,London
1744,31.5961,68.3838,1.4,Peshawar Rd,ROAD_WORKS,Pakistan
1745,32.4333,71.5596,3.5,Ring Road,ROAD_CLOSURE,London
1746,28.4585,70.667,3.3,Peshawar Rd,ACCIDENT,Pakistan
1747,34.0274,69.5285,4.6,M-2 Motorway,TRAFFIC_JAM,London
1748,33.027,73.976,5.0,Mall Road,ROAD_CLOSURE,Pakistan
1749,26.6511,72.7144,5.4,Ring Road,ROAD_WORKS,Pakistan
1750,32.3698,67.5737,5.0,Peshawar Rd,TRAFFIC_JAM,London
1751,28.5972,70.8811,9.2,Mall Road,ROAD_CLOSURE,Pakistan
1752,29.6337,68.5514,1.9,Shahrah-e-Faisal,ROAD_CLOSURE,Pakistan
1753,27.2231,74.7524,3.1,GT Road,TRAFFIC_JAM,London
1754,31.5596,73.6475,4.2,Peshawar Rd,ROAD_WORKS,Pakistan
1755,34.7545,68.398,9.4,Mall Road,TRAFFIC_JAM,London
1756,32.4135,71.0574,7.0,Mall Road,TRAFFIC_JAM,London
1757,29.8738,69.7219,5.5,M-2 Motorway,TRAFFIC_JAM,Pakistan
1758,24.638,69.4614,2.5,Ring Road,ROAD_WORKS,Pakistan
1759,28.2725,72.8782,1.7,Peshawar Rd,ROAD_CLOSURE,Pakistan
1760,28.1058,74.7811,8.0,Peshawar Rd,ROAD_CLOSURE,Pakistan
1761,26.4458,74.9594,8.4,Shahrah-e-Faisal,ROAD_CLOSURE,Pakistan
1762,34.7501,73.3865,3.5,Shahrah-e-Faisal,ROAD_CLOSURE,London
1763,27.1055,68.1079,2.4,Mall Road,ROAD_CLOSURE,Pakistan
1764,26.6926,73.8721,3.5,M-2 Motorway,ROAD_CLOSURE,Pakistan
1765,36.1531,73.0506,3.4,Shahrah-e-Faisal,ROAD_WORKS,Pakistan
1766,32.7945,71.3975,2.3,Mall Road,ROAD_CLOSURE,Pakistan
1767,29.7478,71.7634,8.8,M-2 Motorway,ACCIDENT,Pakistan
1768,28.9599,71.5905,1.8,Ring Road,ROAD_CLOSURE,Pakistan
1769,25.4748,74.4094,6.1,Peshawar Rd,TRAFFIC_JAM,London
1770,34.083,68.992,9.9,Ring Road,TRAFFIC_JAM,Pakistan
1771,27.1224,68.3711,7.3,GT Road,TRAFFIC_JAM,Pakistan
1772,29.1838,72.4124,6.1,Mall Road,ACCIDENT,London
1773,34.7888,70.1534,9.2,Shahrah-e-Faisal,ROAD_CLOSURE,London
1774,35.1388,69.1243,1.0,Peshawar Rd,ACCIDENT,Pakistan
1775,24.9113,72.6909,1.1,GT Road,TRAFFIC_JAM,Pakistan
1776,25.263,74.2587,9.9,Mall Road,ROAD_WORKS,Pakistan
1777,25.2219,73.7025,2.0,GT Road,ACCIDENT,Pakistan
1778,30.4613,67.6475,2.1,Ring Road,ROAD_WORKS,London
1779,35.538,72.0391,3.5,Peshawar Rd,ROAD_CLOSURE,London
1780,28.7405,71.7958,8.5,Shahrah-e-Faisal,ROAD_WORKS,London
1781,26.8674,73.747,2.4,Peshawar Rd,TRAFFIC_JAM,London
1782,33.328,71.7789,8.5,Shahrah-e-Faisal,TRAFFIC_JAM,Pakistan
1783,26.893,70.8009,5.7,Ring Road,ROAD_WORKS,Pakistan
1784,30.6865,70.6269,2.6,Ring Road,ROAD_CLOSURE,Pakistan
1785,29.1673,69.352,3.8,Peshawar Rd,ACCIDENT,Pakistan
1786,29.6049,70.4458,3.4,Ring Road,ROAD_WORKS,Pakistan
1787,31.9741,71.345,5.4,Ring Road,ACCIDENT,London
1788,28.514,70.0856,5.4,Mall Road,ROAD_WORKS,London
1789,36.9061,69.1735,6.6,M-2 Motorway,ROAD_WORKS,Pakistan
1790,36.0068,73.103,1.6,Peshawar Rd,ROAD_CLOSURE,Pakistan
1791,25.8058,69.1798,6.9,Ring Road,TRAFFIC_JAM,London
1792,26.526,74.5167,8.3,Mall Road,TRAFFIC_JAM,London
1793,26.8109,71.3867,9.4,Mall Road,TRAFFIC_JAM,London
1794,31.0974,71.3421,5.9,Mall Road,TRAFFIC_JAM,London
1795,29.8561,72.0263,1.0,GT Road,TRAFFIC_JAM,London
1796,28.5218,74.6597,8.8,Peshawar Rd,ROAD_WORKS,Pakistan
1797,27.138,73.8025,8.2,M-2 Motorway,ACCIDENT,Pakistan
1798,27.6938,72.6772,3.7,Peshawar Rd,ROAD_WORKS,Pakistan
1799,27.9413,69.4531,3.7,GT Road,ROAD_CLOSURE,Pakistan
1800,27.507,72.8971,3.0,Shahrah-e-Faisal,ROAD_WORKS,Pakistan
1801,26.409,74.7607,4.4,Shahrah-e-Faisal,ROAD_CLOSURE,Pakistan
1802,26.988,71.1609,8.1,M-2 Motorway,TRAFFIC_JAM,Pakistan
1803,35.3148,72.5249,4.2,GT Road,TRAFFIC_JAM,London
1804,26.0417,69.2155,5.0,Peshawar Rd,ROAD_WORKS,Pakistan
1805,36.9097,71.2153,1.0,Shahrah-e-Faisal,TRAFFIC_JAM,London
1806,27.5388,67.485,8.7,Peshawar Rd,ROAD_CLOSURE,Pakistan
1807,26.7215,71.5139,1.1,Ring Road,ACCIDENT,Pakistan
1808,25.6662,71.4113,8.4,Peshawar Rd,ROAD_CLOSURE,Pakistan
1809,24.2549,74.8117,8.5,M-2 Motorway,TRAFFIC_JAM,London
1810,24.4324,70.9609,9.6,GT Road,ROAD_WORKS,Pakistan
1811,31.7697,71.4615,7.8,M-2 Motorway,ROAD_CLOSURE,London
1812,29.0498,74.2872,5.1,M-2 Motorway,ACCIDENT,Pakistan
1813,35.6041,73.555,3.3,Peshawar Rd,TRAFFIC_JAM,London
1814,29.7816,69.6596,1.8,Mall Road,TRAFFIC_JAM,Pakistan
1815,26.6314,74.9285,3.4,Shahrah-e-Faisal,ACCIDENT,London
1816,28.3311,70.7325,6.1,Peshawar Rd,ACCIDENT,Pakistan
1817,36.9887,69.0474,3.9,Mall Road,TRAFFIC_JAM,Pakistan
1818,25.9016,68.0409,7.5,Ring Road,TRAFFIC_JAM,Pakistan
1819,27.1468,70.3596,6.3,GT Road,ACCIDENT,Pakistan
1820,25.5353,69.571,1.1,M-2 Motorway,ROAD_WORKS,Pakistan
1821,31.9761,72.8461,6.8,M-2 Motorway,ACCIDENT,Pakistan
1822,24.7218,68.1426,6.1,GT Road,ROAD_WORKS,London
1823,33.6896,68.4555,7.1,GT Road,TRAFFIC_JAM,London
1824,33.1444,72.2538,7.4,M-2 Motorway,ROAD_CLOSURE,London
1825,27.7919,70.6504,4.0,M-2 Motorway,ROAD_CLOSURE,London
1826,32.6601,69.6038,9.6,Mall Road,ROAD_CLOSURE,London
1827,26.8562,69.0892,3.5,Shahrah-e-Faisal,ROAD_WORKS,Pakistan
1828,29.761,67.0215,7.3,M-2 Motorway,ROAD_CLOSURE,London
1829,27.8452,74.7348,5.6,Mall Road,ROAD_CLOSURE,Pakistan
1830,29.297,69.0173,6.1,Shahrah-e-Faisal,ROAD_CLOSURE,London
1831,35.8228,74.2765,5.2,M-2 Motorway,ROAD_CLOSURE,London
1832,27.24,72.6629,9.4,Ring Road,TRAFFIC_JAM,Pakistan
1833,29.5521,67.5009,3.3,GT Road,ROAD_WORKS,London
1834,33.3231,73.7073,2.2,Peshawar Rd,ROAD_CLOSURE,Pakistan
1835,35.9505,72.9767,9.7,GT Road,TRAFFIC_JAM,London
1836,29.7726,72.3189,7.3,M-2 Motorway,ROAD_CLOSURE,London
1837,24.9037,73.1652,4.6,Peshawar Rd,ACCIDENT,Pakistan
1838,35.5147,68.3553,6.8,GT Road,ACCIDENT,Pakistan
1839,24.8507,69.6622,2.1,Ring Road,ROAD_WORKS,Pakistan
1840,34.9332,73.9429,3.6,Peshawar Rd,TRAFFIC_JAM,London
1841,26.6173,68.3747,3.9,Peshawar Rd,ACCIDENT,Pakistan
1842,25.0462,72.9721,1.5,Mall Road,ACCIDENT,Pakistan
1843,34.761,70.6093,7.4,GT Road,ROAD_CLOSURE,Pakistan
1844,28.5037,74.4259,4.7,Ring Road,ACCIDENT,Pakistan
1845,35.9178,74.1282,1.0,GT Road,TRAFFIC_JAM,Pakistan
1846,25.1745,72.5481,3.1,Shahrah-e-Faisal,ROAD_WORKS,Pakistan
1847,35.6462,70.8403,9.1,Shahrah-e-Faisal,ROAD_CLOSURE,London
1848,33.524,70.7159,9.9,Peshawar Rd,TRAFFIC_JAM,Pakistan
1849,29.5268,73.5518,7.4,GT Road,ROAD_WORKS,London
1850,30.6415,74.5915,5.3,Mall Road,TRAFFIC_JAM,London
1851,35.1119,72.5054,5.6,Peshawar Rd,TRAFFIC_JAM,London
1852,29.428,70.7206,9.9,Peshawar Rd,ROAD_CLOSURE,Pakistan
1853,33.5018,69.8257,5.9,Shahrah-e-Faisal,TRAFFIC_JAM,London
1854,29.9009,69.7822,4.5,Mall Road,ROAD_WORKS,London
1855,36.7809,73.5143,4.2,Ring Road,ACCIDENT,Pakistan
1856,28.8966,72.6633,1.8,Mall Road,ROAD_WORKS,London
1857,36.5372,67.703,3.6,Ring Road,ROAD_CLOSURE,Pakistan
1858,29.1295,71.2678,2.6,GT Road,TRAFFIC_JAM,Pakistan
1859,30.3943,68.8887,7.7,Peshawar Rd,TRAFFIC_JAM,London
1860,33.518,70.5541,2.1,GT Road,TRAFFIC_JAM,Pakistan
1861,28.7404,69.2031,3.8,M-2 Motorway,ROAD_WORKS,London
1862,31.1307,70.1129,5.5,Shahrah-e-Faisal,ROAD_WORKS,Pakistan
1863,24.392,68.6433,4.5,Peshawar Rd,ROAD_WORKS,Pakistan
1864,27.5439,70.2485,3.0,Mall Road,TRAFFIC_JAM,Pakistan
1865,31.7607,69.152,3.4,M-2 Motorway,ACCIDENT,Pakistan
1866,30.6411,72.2191,5.0,Mall Road,ROAD_WORKS,London
1867,29.1091,70.2143,9.3,Shahrah-e-Faisal,TRAFFIC_JAM,Pakistan
1868,34.5127,67.9829,6.6,GT Road,ACCIDENT,Pakistan
1869,35.6051,71.4596,9.0,Shahrah-e-Faisal,ROAD_WORKS,Pakistan
1870,25.2777,68.1357,7.6,Shahrah-e-Faisal,ROAD_WORKS,Pakistan
1871,24.9467,70.8052,8.9,Shahrah-e-Faisal,TRAFFIC_JAM,Pakistan
1872,32.7455,73.91,4.3,Peshawar Rd,ROAD_CLOSURE,Pakistan
1873,29.3937,69.5961,3.3,Peshawar Rd,ROAD_WORKS,Pakistan
1874,30.1386,74.2061,9.7,M-2 Motorway,ROAD_WORKS,Pakistan
1875,27.622,71.7979,2.9,GT Road,TRAFFIC_JAM,Pakistan
1876,31.9827,67.4304,5.1,Ring Road,ROAD_CLOSURE,London
1877,33.1697,67.153,5.8,GT Road,ACCIDENT,Pakistan
1878,35.4878,68.1357,1.4,GT Road,ROAD_CLOSURE,Pakistan
1879,34.241,74.2685,6.6,GT Road,TRAFFIC_JAM,Pakistan
1880,24.8709,69.6983,9.5,Shahrah-e-Faisal,ACCIDENT,Pakistan
1881,30.8668,72.7291,3.0,GT Road,ACCIDENT,London
1882,30.7197,70.544,4.5,M-2 Motorway,ROAD_CLOSURE,Pakistan
1883,35.3802,74.0863,2.4,Peshawar Rd,ACCIDENT,London
1884,30.9578,69.6085,5.0,Peshawar Rd,ROAD_WORKS,London
1885,29.733,74.0938,9.4,Peshawar Rd,TRAFFIC_JAM,Pakistan
1886,36.0198,73.7506,4.6,Shahrah-e-Faisal,ACCIDENT,London
1887,28.838,73.4557,5.5,GT Road,ROAD_CLOSURE,London
1888,32.9687,69.8839,5.7,GT Road,TRAFFIC_JAM,Pakistan
1889,26.4804,68.378,3.6,GT Road,ROAD_CLOSURE,Pakistan
1890,34.9689,68.9859,1.1,M-2 Motorway,ROAD_CLOSURE,London
1891,28.9379,73.5142,1.8,M-2 Motorway,ROAD_CLOSURE,Pakistan
1892,31.0967,69.2463,2.7,Shahrah-e-Faisal,ROAD_CLOSURE,London
1893,32.524,74.4378,4.7,Mall Road,ROAD_WORKS,London
1894,25.3887,74.542,7.2,Peshawar Rd,ACCIDENT,Pakistan
1895,33.7276,69.6912,6.0,GT Road,ACCIDENT,London
1896,24.2304,67.0708,9.9,Mall Road,ROAD_WORKS,Pakistan
1897,36.0702,73.3452,4.3,M-2 Motorway,ROAD_WORKS,Pakistan
1898,35.8731,67.9252,1.4,Mall Road,ACCIDENT,Pakistan
1899,26.2734,68.6376,5.3,Shahrah-e-Faisal,ROAD_CLOSURE,London
1900,34.6239,70.4342,8.6,Mall Road,ROAD_CLOSURE,London
1901,24.3824,71.2523,8.7,M-2 Motorway,ACCIDENT,London
1902,34.0205,68.1869,1.9,GT Road,ROAD_CLOSURE,London
1903,36.4239,70.0855,3.1,Peshawar Rd,ROAD_CLOSURE,Pakistan
1904,36.6276,70.9285,1.8,GT Road,ROAD_CLOSURE,Pakistan
1905,32.5017,73.7951,7.8,Mall Road,ROAD_WORKS,Pakistan
1906,34.8693,69.213,6.4,GT Road,TRAFFIC_JAM,London
1907,30.0252,68.4369,5.6,Shahrah-e-Faisal,ROAD_CLOSURE,London
1908,30.4932,73.2511,4.7,GT Road,ACCIDENT,London
1909,25.3529,70.8984,3.2,Peshawar Rd,ACCIDENT,Pakistan
1910,28.4104,70.9921,8.3,Ring Road,ROAD_WORKS,London
1911,33.28,72.1261,8.4,Peshawar Rd,ACCIDENT,London
1912,30.6367,71.787,8.8,Shahrah-e-Faisal,ROAD_WORKS,London
1913,35.2563,73.5844,8.2,Shahrah-e-Faisal,ROAD_WORKS,London
1914,30.0798,67.06,3.9,Shahrah-e-Faisal,ROAD_WORKS,London
1915,28.8724,68.5824,3.9,Shahrah-e-Faisal,TRAFFIC_JAM,Pakistan
1916,32.8485,69.8717,9.2,GT Road,TRAFFIC_JAM,Pakistan
1917,31.1973,67.199,9.4,Peshawar Rd,ROAD_WORKS,London
1918,24.8,74.3172,9.7,Shahrah-e-Faisal,ACCIDENT,London
1919,35.1745,72.8571,5.3,GT Road,TRAFFIC_JAM,Pakistan
1920,28.3695,73.1902,2.8,Shahrah-e-Faisal,ACCIDENT,London
1921,29.285,72.3456,10.0,Mall Road,TRAFFIC_JAM,London
1922,28.0882,74.1405,3.5,Ring Road,ROAD_WORKS,Pakistan
1923,29.7613,72.1848,2.5,Shahrah-e-Faisal,ROAD_WORKS,London
1924,27.5399,71.5362,9.4,M-2 Motorway,TRAFFIC_JAM,Pakistan
1925,35.096,67.5384,9.1,GT Road,TRAFFIC_JAM,London
1926,24.1614,74.7391,7.5,Peshawar Rd,ROAD_WORKS,Pakistan
1927,30.3189,73.3176,9.5,GT Road,ACCIDENT,London
1928,31.1245,70.2919,2.8,Ring Road,ACCIDENT,London
1929,36.4342,74.4044,4.6,GT Road,TRAFFIC_JAM,Pakistan
1930,29.5537,72.1202,5.0,M-2 Motorway,TRAFFIC_JAM,Pakistan
1931,25.7439,68.467,3.3,Peshawar Rd,ROAD_CLOSURE,London
1932,26.5151,67.6672,1.3,Mall Road,TRAFFIC_JAM,London
1933,32.1339,72.1714,7.4,Mall Road,ACCIDENT,London
1934,28.9085,70.7005,4.3,M-2 Motorway,TRAFFIC_JAM,Pakistan
1935,36.1664,73.0745,4.5,Ring Road,ACCIDENT,Pakistan
1936,30.568,73.4681,3.9,M-2 Motorway,TRAFFIC_JAM,London
1937,29.3688,71.8483,8.8,Shahrah-e-Faisal,ACCIDENT,Pakistan
1938,33.2764,73.2714,9.9,M-2 Motorway,ROAD_CLOSURE,London
1939,27.9449,69.6332,3.0,M-2 Motorway,TRAFFIC_JAM,Pakistan
1940,26.5974,71.1885,8.1,Shahrah-e-Faisal,ROAD_CLOSURE,London
1941,35.7477,72.0133,2.1,Ring Road,TRAFFIC_JAM,London
1942,33.1047,67.8737,3.1,M-2 Motorway,ROAD_CLOSURE,Pakistan
1943,31.2454,72.755,1.6,Mall Road,ACCIDENT,Pakistan
1944,33.054,67.4616,8.0,GT Road,ACCIDENT,Pakistan
1945,33.1211,70.5236,5.1,M-2 Motorway,TRAFFIC_JAM,Pakistan
1946,35.4542,71.656,7.8,Peshawar Rd,ROAD_CLOSURE,London
1947,24.1718,71.0514,7.6,Mall Road,TRAFFIC_JAM,London
1948,31.1627,67.2111,8.8,Shahrah-e-Faisal,ROAD_WORKS,Pakistan
1949,31.6454,70.5142,6.0,Shahrah-e-Faisal,TRAFFIC_JAM,Pakistan
1950,30.9624,70.2161,8.2,GT Road,ROAD_WORKS,London
1951,32.2817,74.9177,9.3,Mall Road,TRAFFIC_JAM,London
1952,33.2918,68.9436,1.2,Ring Road,ROAD_CLOSURE,London
1953,33.5018,68.3936,4.4,Mall Road,ROAD_CLOSURE,London
1954,27.2903,73.6518,1.2,M-2 Motorway,TRAFFIC_JAM,London
1955,25.327,71.4757,4.6,Mall Road,ROAD_WORKS,Pakistan
1956,24.3144,68.3834,4.9,Ring Road,ACCIDENT,Pakistan
1957,24.5957,68.8879,3.4,M-2 Motorway,ROAD_CLOSURE,London
1958,32.0691,71.5214,6.9,Peshawar Rd,ROAD_CLOSURE,London
1959,33.3495,71.0814,6.9,M-2 Motorway,TRAFFIC_JAM,London
1960,31.5637,67.9377,6.6,GT Road,ROAD_CLOSURE,London
1961,25.5284,73.9531,4.6,M-2 Motorway,ROAD_CLOSURE,Pakistan
1962,35.1102,68.4087,4.0,Ring Road,ROAD_CLOSURE,London
1963,34.0126,73.5352,2.6,M-2 Motorway,ROAD_CLOSURE,Pakistan
1964,32.7115,73.207,6.2,Shahrah-e-Faisal,TRAFFIC_JAM,Pakistan
1965,28.9811,70.1171,6.3,Ring Road,ACCIDENT,Pakistan
1966,24.1845,69.1318,3.9,M-2 Motorway,ROAD_WORKS,London
1967,30.1902,67.8673,5.2,Shahrah-e-Faisal,ROAD_CLOSURE,Pakistan
1968,27.2862,67.4216,2.7,Shahrah-e-Faisal,ROAD_WORKS,London
1969,25.3091,67.8483,9.3,Shahrah-e-Faisal,TRAFFIC_JAM,Pakistan
1970,28.1698,71.9248,5.3,Ring Road,TRAFFIC_JAM,London
1971,35.425,70.3391,9.0,Peshawar Rd,TRAFFIC_JAM,London
1972,31.8193,70.2092,3.1,Shahrah-e-Faisal,ROAD_CLOSURE,London
1973,33.7335,71.3333,2.5,Ring Road,ROAD_WORKS,Pakistan
1974,26.5041,67.9088,7.9,Peshawar Rd,ROAD_WORKS,Pakistan
1975,35.2412,71.4074,9.1,M-2 Motorway,ROAD_CLOSURE,Pakistan
1976,34.4399,71.8091,1.2,GT Road,ROAD_WORKS,London
1977,36.9126,70.5427,6.8,Mall Road,ROAD_WORKS,Pakistan
1978,34.6889,67.1324,9.9,Mall Road,TRAFFIC_JAM,London
1979,34.5425,71.0303,2.7,Peshawar Rd,ROAD_CLOSURE,Pakistan
1980,25.497,68.1803,2.1,GT Road,TRAFFIC_JAM,Pakistan
1981,27.676,73.6104,6.1,Ring Road,TRAFFIC_JAM,London
1982,29.7204,70.8991,8.5,Mall Road,ROAD_CLOSURE,Pakistan
1983,26.8347,72.6205,4.5,Shahrah-e-Faisal,ROAD_WORKS,Pakistan
1984,35.0394,74.1984,1.5,M-2 Motorway,ACCIDENT,London
1985,34.581,68.448,3.2,Peshawar Rd,TRAFFIC_JAM,London
1986,28.8887,68.0659,2.3,Shahrah-e-Faisal,ROAD_WORKS,Pakistan
1987,26.7975,72.0668,8.3,Peshawar Rd,TRAFFIC_JAM,London
1988,27.3802,71.9922,1.7,Mall Road,ROAD_CLOSURE,Pakistan
1989,26.6965,67.8019,6.0,Mall Road,ACCIDENT,Pakistan
1990,30.5228,71.3615,6.0,Shahrah-e-Faisal,TRAFFIC_JAM,London
1991,26.1828,69.5587,8.3,GT Road,ROAD_WORKS,Pakistan
1992,32.9121,73.6058,3.6,Mall Road,ROAD_WORKS,London
1993,32.64,74.9427,8.2,GT Road,ROAD_CLOSURE,London
1994,32.5615,67.6429,1.1,Shahrah-e-Faisal,ACCIDENT,Pakistan
1995,28.097,68.8985,5.3,Ring Road,ACCIDENT,Pakistan
1996,25.6012,67.4572,6.6,Peshawar Rd,TRAFFIC_JAM,London
1997,34.9966,72.6419,8.9,Mall Road,TRAFFIC_JAM,Pakistan
1998,28.6978,69.3687,7.9,M-2 Motorway,TRAFFIC_JAM,Pakistan
1999,27.1424,70.9366,4.1,Shahrah-e-Faisal,TRAFFIC_JAM,London
2000,27.0627,73.3095,8.9,M-2 Motorway,ROAD_WORKS,Pakistan
2001,30.1292,67.1303,1.5,GT Road,ACCIDENT,Pakistan
2002,27.5004,71.3294,7.9,Ring Road,TRAFFIC_JAM,Pakistan
2003,33.9893,71.5563,7.2,M-2 Motorway,ROAD_CLOSURE,London
2004,27.3835,69.7304,9.7,GT Road,ROAD_WORKS,London
2005,33.9262,68.7635,9.8,M-2 Motorway,TRAFFIC_JAM,Pakistan
2006,33.5218,74.8948,8.3,GT Road,ROAD_CLOSURE,London
2007,31.8586,71.9895,8.9,Mall Road,ROAD_WORKS,London
2008,30.8241,70.6631,8.5,Mall Road,ROAD_WORKS,Pakistan
2009,25.1809,72.6796,9.3,Peshawar Rd,ROAD_WORKS,Pakistan
2010,25.4217,73.9581,9.0,Mall Road,ACCIDENT,London
2011,31.4568,74.6415,6.4,GT Road,ACCIDENT,London
2012,26.5425,69.2186,5.9,Mall Road,TRAFFIC_JAM,Pakistan
2013,30.2214,67.6848,7.3,GT Road,ACCIDENT,London
2014,36.9689,71.1982,7.6,GT Road,ROAD_WORKS,London
2015,30.3907,69.3137,6.3,M-2 Motorway,ROAD_CLOSURE,London
2016,28.5593,74.6857,4.5,Shahrah-e-Faisal,ROAD_CLOSURE,Pakistan
2017,31.2847,71.3653,2.7,Ring Road,ROAD_CLOSURE,London
2018,24.2383,67.2214,2.0,M-2 Motorway,ROAD_WORKS,Pakistan
2019,35.5589,71.622,1.4,GT Road,ROAD_WORKS,Pakistan
2020,36.3843,68.5817,8.0,Mall Road,ACCIDENT,London
2021,29.36,69.1121,8.7,M-2 Motorway,ACCIDENT,London
2022,28.5751,68.519,6.4,GT Road,TRAFFIC_JAM,London
2023,27.5118,71.0688,2.3,Shahrah-e-Faisal,ACCIDENT,Pakistan
2024,33.1014,69.9951,6.4,Shahrah-e-Faisal,ACCIDENT,Pakistan
2025,26.2792,71.9972,9.3,Mall Road,ACCIDENT,Pakistan
2026,25.6255,68.1217,9.3,Ring Road,TRAFFIC_JAM,London
2027,29.6502,70.7594,7.3,M-2 Motorway,ROAD_CLOSURE,Pakistan
2028,30.5125,69.5298,2.4,Shahrah-e-Faisal,ROAD_WORKS,Pakistan
2029,34.7229,74.7044,3.4,Ring Road,ROAD_CLOSURE,Pakistan
2030,35.2781,67.9387,7.9,M-2 Motorway,ACCIDENT,London
2031,30.3745,70.1642,9.9,Peshawar Rd,ROAD_CLOSURE,London
2032,25.1193,71.3543,5.4,Ring Road,TRAFFIC_JAM,London
2033,27.1446,73.9451,9.1,Ring Road,ACCIDENT,London
2034,31.129,68.7031,2.7,Ring Road,TRAFFIC_JAM,London
2035,27.713,71.5315,4.1,M-2 Motorway,ACCIDENT,Pakistan
2036,28.549,72.6387,6.5,GT Road,TRAFFIC_JAM,London
2037,30.839,74.2162,3.6,M-2 Motorway,TRAFFIC_JAM,Pakistan
2038,24.8355,68.3432,5.0,Ring Road,ROAD_CLOSURE,Pakistan
2039,33.2819,74.4672,8.6,Peshawar Rd,ROAD_CLOSURE,Pakistan
2040,36.5823,71.3453,4.7,GT Road,ROAD_WORKS,London
2041,35.0774,70.7302,1.8,Peshawar Rd,ROAD_CLOSURE,Pakistan
2042,26.7751,67.8614,1.9,Shahrah-e-Faisal,ACCIDENT,Pakistan
2043,36.4947,68.2867,5.8,Ring Road,ROAD_CLOSURE,London
2044,24.3822,72.0022,2.1,Ring Road,ROAD_WORKS,Pakistan
2045,29.673,67.9704,2.5,Shahrah-e-Faisal,TRAFFIC_JAM,Pakistan
2046,27.8039,74.1399,2.4,Peshawar Rd,TRAFFIC_JAM,London
2047,36.5125,71.6056,5.7,GT Road,TRAFFIC_JAM,Pakistan
2048,29.9013,71.6884,8.7,GT Road,ACCIDENT,Pakistan
2049,32.3647,72.2582,9.1,Peshawar Rd,ROAD_WORKS,London
2050,27.2727,67.9872,6.1,Shahrah-e-Faisal,ROAD_CLOSURE,Pakistan
2051,31.3535,68.5168,3.1,GT Road,ACCIDENT,London
2052,34.7618,68.265,7.7,Mall Road,ROAD_CLOSURE,London
2053,31.1925,70.3951,3.2,GT Road,ROAD_WORKS,Pakistan
2054,33.6896,72.3738,5.6,M-2 Motorway,ROAD_CLOSURE,London
2055,24.8132,70.5578,8.5,Shahrah-e-Faisal,ACCIDENT,Pakistan
2056,34.3022,68.0937,9.7,Shahrah-e-Faisal,ACCIDENT,Pakistan
2057,26.5087,67.7598,4.9,Ring Road,ROAD_WORKS,Pakistan
2058,27.2846,69.0436,2.6,Ring Road,ACCIDENT,Pakistan
2059,32.6387,70.9147,5.7,Mall Road,TRAFFIC_JAM,London
2060,25.3655,68.4584,7.0,Shahrah-e-Faisal,ACCIDENT,London
2061,28.6042,67.7703,3.1,Mall Road,ROAD_WORKS,London
2062,33.4986,71.8793,8.7,GT Road,ACCIDENT,Pakistan
2063,35.1276,67.9384,1.3,Mall Road,TRAFFIC_JAM,London
2064,33.9816,72.6372,8.9,Mall Road,ACCIDENT,Pakistan
2065,35.0459,70.3403,3.6,GT Road,ACCIDENT,Pakistan
2066,25.435,70.6576,3.3,Ring Road,ACCIDENT,London
2067,30.5968,74.5511,6.6,Shahrah-e-Faisal,ROAD_CLOSURE,London
2068,34.6208,67.0609,3.7,Shahrah-e-Faisal,ROAD_CLOSURE,Pakistan
2069,28.2884,70.2541,4.1,Peshawar Rd,ACCIDENT,Pakistan
2070,25.675,73.1927,9.5,M-2 Motorway,ROAD_WORKS,London
2071,34.4848,70.1852,8.2,Peshawar Rd,ROAD_WORKS,London
2072,28.6336,70.9668,2.5,GT Road,TRAFFIC_JAM,Pakistan
2073,29.9009,70.3862,4.8,GT Road,ROAD_WORKS,Pakistan
2074,35.5533,74.6042,9.1,M-2 Motorway,ROAD_WORKS,Pakistan
2075,34.3643,71.1868,6.4,Mall Road,ROAD_CLOSURE,Pakistan
2076,34.8424,70.9377,6.7,GT Road,ROAD_CLOSURE,London
2077,24.0553,67.4255,2.8,M-2 Motorway,ROAD_CLOSURE,London
2078,28.1824,69.5461,3.7,Mall Road,TRAFFIC_JAM,Pakistan
2079,28.1439,68.9696,5.2,Shahrah-e-Faisal,TRAFFIC_JAM,Pakistan
2080,33.1778,72.5872,3.6,Ring Road,ROAD_CLOSURE,Pakistan
2081,27.3018,68.1233,8.5,Mall Road,TRAFFIC_JAM,London
2082,36.5831,68.7913,8.8,Mall Road,ROAD_CLOSURE,London
2083,28.6815,69.1364,1.2,M-2 Motorway,ROAD_WORKS,London
2084,33.8759,67.6928,8.4,Shahrah-e-Faisal,ROAD_WORKS,London
2085,34.7468,69.3574,8.6,Ring Road,ROAD_CLOSURE,London
2086,28.9253,69.5596,1.2,M-2 Motorway,ROAD_CLOSURE,London
2087,35.2076,74.5415,1.9,GT Road,ROAD_WORKS,London
2088,31.9467,71.4578,1.3,Mall Road,TRAFFIC_JAM,London
2089,32.7903,69.629,1.7,Shahrah-e-Faisal,TRAFFIC_JAM,London
2090,28.4381,67.4141,3.8,Peshawar Rd,ACCIDENT,London
2091,36.3522,68.3308,5.2,Peshawar Rd,TRAFFIC_JAM,Pakistan
2092,29.1442,73.0716,6.1,GT Road,TRAFFIC_JAM,Pakistan
2093,28.0629,68.7708,2.3,Ring Road,ROAD_WORKS,London
2094,30.1645,72.1256,6.8,GT Road,TRAFFIC_JAM,Pakistan
2095,30.5508,67.0498,10.0,Shahrah-e-Faisal,ACCIDENT,Pakistan
2096,26.2807,68.6426,2.5,GT Road,TRAFFIC_JAM,London
2097,26.1127,68.2934,3.2,M-2 Motorway,TRAFFIC_JAM,London
2098,24.9638,73.2481,3.8,GT Road,ROAD_CLOSURE,Pakistan
2099,26.4489,72.8876,4.9,Shahrah-e-Faisal,ROAD_WORKS,London
2100,35.0339,71.4868,9.7,M-2 Motorway,ACCIDENT,London
2101,24.3053,67.6984,3.6,Ring Road,ACCIDENT,London
2102,24.9502,70.857,3.9,Ring Road,ROAD_CLOSURE,London
2103,26.3916,68.3972,8.7,Ring Road,TRAFFIC_JAM,Pakistan
2104,26.5658,74.2037,3.5,Shahrah-e-Faisal,ROAD_CLOSURE,London
2105,35.4436,71.0601,7.9,Ring Road,TRAFFIC_JAM,Pakistan
2106,24.8905,74.2381,9.7,Shahrah-e-Faisal,ROAD_CLOSURE,London
2107,24.6337,68.6035,6.2,Ring Road,TRAFFIC_JAM,Pakistan
2108,35.4244,73.753,4.4,M-2 Motorway,TRAFFIC_JAM,Pakistan
2109,33.1139,74.8111,6.4,Ring Road,TRAFFIC_JAM,London
2110,30.4218,71.3938,3.4,Mall Road,ROAD_WORKS,London
2111,29.8715,72.4606,1.7,Shahrah-e-Faisal,TRAFFIC_JAM,Pakistan
2112,25.7921,69.2872,8.1,Peshawar Rd,ACCIDENT,Pakistan
2113,26.4246,71.6402,4.1,Shahrah-e-Faisal,ROAD_WORKS,Pakistan
2114,33.6226,67.9788,6.4,GT Road,ROAD_CLOSURE,Pakistan
2115,24.6408,70.8325,1.9,M-2 Motorway,ROAD_WORKS,Pakistan
2116,30.6065,71.7955,9.9,Shahrah-e-Faisal,ACCIDENT,London
2117,31.81,72.5416,7.7,Peshawar Rd,ROAD_CLOSURE,London
2118,33.8817,74.0791,1.4,M-2 Motorway,ACCIDENT,London
2119,33.9905,67.0836,7.7,Ring Road,ROAD_WORKS,London
2120,27.8264,74.2848,7.4,GT Road,ACCIDENT,London
2121,32.8286,71.8896,9.4,Ring Road,ACCIDENT,London
2122,36.1045,70.2797,9.3,Mall Road,TRAFFIC_JAM,London
2123,30.6579,72.4045,1.3,M-2 Motorway,ROAD_CLOSURE,London
2124,33.9341,72.5636,1.3,Shahrah-e-Faisal,ACCIDENT,London
2125,36.2452,73.4023,7.2,M-2 Motorway,ROAD_CLOSURE,London
2126,26.0711,71.1924,8.3,M-2 Motorway,TRAFFIC_JAM,Pakistan
2127,30.8213,72.985,8.0,M-2 Motorway,ROAD_CLOSURE,Pakistan
2128,36.8669,67.3228,9.5,Ring Road,ROAD_WORKS,Pakistan
2129,35.7505,74.5325,3.4,Shahrah-e-Faisal,ACCIDENT,London
2130,36.2945,70.0154,8.9,Shahrah-e-Faisal,TRAFFIC_JAM,Pakistan
2131,26.0092,70.787,5.9,GT Road,ROAD_WORKS,London
2132,33.1507,71.2537,4.1,Ring Road,ROAD_CLOSURE,Pakistan
2133,30.1833,72.3045,4.8,Ring Road,TRAFFIC_JAM,London
2134,31.584,72.3312,1.4,GT Road,ROAD_CLOSURE,London
2135,25.8018,74.1276,9.5,Mall Road,TRAFFIC_JAM,Pakistan
2136,26.61,67.5666,7.8,Peshawar Rd,ACCIDENT,Pakistan
2137,29.4083,70.2832,6.2,Ring Road,ACCIDENT,Pakistan
2138,28.6606,69.2985,2.4,GT Road,ACCIDENT,London
2139,35.64,68.2071,1.6,Shahrah-e-Faisal,ROAD_WORKS,Pakistan
2140,31.774,68.8809,8.0,GT Road,ROAD_WORKS,Pakistan
2141,25.694,72.3148,7.3,GT Road,TRAFFIC_JAM,London
2142,34.4357,71.9866,5.5,Shahrah-e-Faisal,TRAFFIC_JAM,London
2143,36.6964,73.07,5.7,Peshawar Rd,ROAD_CLOSURE,Pakistan
2144,34.5565,70.5186,6.7,Ring Road,ROAD_WORKS,London
2145,35.5972,74.9152,3.8,Mall Road,ROAD_CLOSURE,Pakistan
2146,30.025,74.3705,9.0,Peshawar Rd,ROAD_WORKS,Pakistan
2147,24.8827,67.2608,8.1,M-2 Motorway,TRAFFIC_JAM,Pakistan
2148,32.1659,71.0083,4.0,GT Road,TRAFFIC_JAM,Pakistan
2149,36.1356,68.7365,6.3,Shahrah-e-Faisal,TRAFFIC_JAM,Pakistan
2150,35.1065,72.2567,9.8,Mall Road,ROAD_CLOSURE,Pakistan
2151,29.8147,72.5616,8.0,Ring Road,ACCIDENT,Pakistan
2152,29.1682,72.2561,7.7,Mall Road,TRAFFIC_JAM,Pakistan
2153,31.2156,74.4038,5.7,Mall Road,ROAD_CLOSURE,Pakistan
2154,29.6796,67.176,9.9,Peshawar Rd,TRAFFIC_JAM,London
2155,31.7369,70.6957,6.9,Ring Road,ROAD_CLOSURE,London
2156,36.0604,74.5783,9.4,Peshawar Rd,ROAD_WORKS,Pakistan
2157,24.2124,70.1328,9.5,GT Road,ROAD_WORKS,Pakistan
2158,35.9146,72.866,7.7,M-2 Motorway,TRAFFIC_JAM,Pakistan
2159,30.8171,74.8825,9.8,Shahrah-e-Faisal,TRAFFIC_JAM,Pakistan
2160,36.1799,69.4351,4.9,Shahrah-e-Faisal,ROAD_CLOSURE,London
2161,25.1306,73.5992,2.3,Ring Road,ACCIDENT,Pakistan
2162,35.3953,73.0138,9.1,Shahrah-e-Faisal,TRAFFIC_JAM,Pakistan
2163,36.3017,71.0128,7.1,Ring Road,TRAFFIC_JAM,Pakistan
2164,28.034,69.0722,1.6,GT Road,ROAD_WORKS,London
2165,36.802,72.3103,1.8,Peshawar Rd,TRAFFIC_JAM,Pakistan
2166,36.2427,74.8409,4.8,Mall Road,ACCIDENT,London
2167,32.3642,74.0475,1.9,GT Road,ACCIDENT,Pakistan
2168,28.9294,69.6102,5.9,Mall Road,ROAD_WORKS,Pakistan
2169,33.8945,67.0163,9.6,M-2 Motorway,ROAD_CLOSURE,London
2170,35.1806,68.9067,5.3,Ring Road,ROAD_CLOSURE,Pakistan
2171,30.4725,70.4596,9.2,Mall Road,ROAD_WORKS,London
2172,24.2815,73.3026,3.2,Peshawar Rd,ROAD_WORKS,Pakistan
2173,27.5334,73.4335,8.9,Peshawar Rd,ACCIDENT,London
2174,28.6121,70.2884,6.5,Mall Road,ROAD_WORKS,Pakistan
2175,26.1037,73.2166,7.8,Ring Road,ACCIDENT,Pakistan
2176,36.3074,67.4354,3.1,Peshawar Rd,ROAD_CLOSURE,London
2177,30.199,68.5056,2.9,Peshawar Rd,ACCIDENT,Pakistan
2178,35.3578,69.126,3.5,Peshawar Rd,ROAD_WORKS,London
2179,25.4941,74.2681,3.4,M-2 Motorway,ROAD_WORKS,London
2180,29.5619,71.3657,1.7,Peshawar Rd,ROAD_WORKS,London
2181,27.3361,68.4956,4.7,Peshawar Rd,ROAD_CLOSURE,London
2182,31.0435,67.6126,5.1,M-2 Motorway,ROAD_CLOSURE,Pakistan
2183,26.8354,73.4754,8.6,Peshawar Rd,ROAD_WORKS,London
2184,29.0949,70.1666,4.6,Shahrah-e-Faisal,ROAD_WORKS,London
2185,29.0433,73.5006,4.0,Peshawar Rd,ROAD_CLOSURE,London
2186,28.4254,74.9008,4.5,Mall Road,ROAD_WORKS,London
2187,36.5083,74.99,4.7,Ring Road,TRAFFIC_JAM,Pakistan
2188,29.3526,67.7644,3.8,Mall Road,TRAFFIC_JAM,London
2189,35.714,68.8561,4.5,GT Road,ACCIDENT,Pakistan
2190,27.9754,71.1851,9.5,Ring Road,ROAD_CLOSURE,Pakistan
2191,24.901,71.5856,7.8,Shahrah-e-Faisal,ACCIDENT,London
2192,29.2057,69.7189,1.5,Ring Road,ROAD_CLOSURE,Pakistan
2193,32.9532,72.1394,5.2,GT Road,TRAFFIC_JAM,Pakistan
2194,27.98,71.2216,1.3,Ring Road,ACCIDENT,Pakistan
2195,30.6216,73.3303,2.2,Shahrah-e-Faisal,ACCIDENT,London
2196,34.9875,70.4389,8.5,Ring Road,ROAD_WORKS,Pakistan
2197,25.0978,69.9733,7.0,M-2 Motorway,TRAFFIC_JAM,Pakistan
2198,36.6217,71.9129,4.6,Peshawar Rd,TRAFFIC_JAM,London
2199,35.7656,74.8902,5.0,M-2 Motorway,ACCIDENT,Pakistan
2200,29.1633,68.752,9.6,GT Road,ACCIDENT,Pakistan
2201,33.4397,68.9282,2.8,Mall Road,ROAD_CLOSURE,Pakistan
2202,25.233,69.0428,4.4,GT Road,ROAD_WORKS,London
2203,25.8588,71.5083,2.1,M-2 Motorway,TRAFFIC_JAM,London
2204,29.4085,68.0945,7.8,Ring Road,TRAFFIC_JAM,London
2205,32.0071,69.992,5.6,Shahrah-e-Faisal,ROAD_CLOSURE,London
2206,33.3371,68.7726,4.2,GT Road,TRAFFIC_JAM,Pakistan
2207,31.0064,74.903,1.2,Mall Road,ROAD_CLOSURE,Pakistan
2208,24.3545,69.996,8.6,Shahrah-e-Faisal,ROAD_WORKS,London
2209,28.8052,72.7696,4.1,GT Road,ROAD_WORKS,Pakistan
2210,27.4383,70.9331,4.9,GT Road,ROAD_WORKS,Pakistan
2211,28.599,70.4845,6.3,Peshawar Rd,ROAD_CLOSURE,Pakistan
2212,36.6901,74.2752,1.5,Mall Road,TRAFFIC_JAM,London
2213,24.1457,71.2238,8.5,GT Road,ROAD_CLOSURE,London
2214,29.629,69.8497,7.8,GT Road,ROAD_WORKS,Pakistan
2215,26.7592,73.5354,5.3,Peshawar Rd,TRAFFIC_JAM,Pakistan
2216,27.4897,72.8941,4.9,Peshawar Rd,ACCIDENT,Pakistan
2217,33.8911,73.3099,6.5,Shahrah-e-Faisal,ROAD_CLOSURE,London
2218,30.4319,67.7779,5.9,M-2 Motorway,ROAD_WORKS,London
2219,34.7321,74.5352,4.2,Ring Road,ACCIDENT,Pakistan
2220,30.2776,72.1781,3.2,Mall Road,ROAD_WORKS,Pakistan
2221,36.0434,73.1781,7.6,Ring Road,ROAD_CLOSURE,London
2222,34.6576,69.6034,2.8,Peshawar Rd,ROAD_CLOSURE,London
2223,36.1959,73.9998,5.9,GT Road,ROAD_CLOSURE,Pakistan
2224,24.9266,71.9448,8.3,M-2 Motorway,ROAD_WORKS,London
2225,31.5137,71.7568,3.2,GT Road,ACCIDENT,London
2226,33.5595,68.2115,7.3,M-2 Motorway,ACCIDENT,Pakistan
2227,34.0744,72.7435,9.6,Ring Road,TRAFFIC_JAM,Pakistan
2228,34.213,68.8723,6.7,Peshawar Rd,ACCIDENT,London
2229,28.5359,67.5533,1.6,GT Road,TRAFFIC_JAM,London
2230,32.8293,68.8599,5.8,Peshawar Rd,TRAFFIC_JAM,London
2231,28.4138,69.5258,7.4,GT Road,ACCIDENT,Pakistan
2232,26.4978,67.728,7.3,M-2 Motorway,ROAD_CLOSURE,London
2233,29.0924,69.3901,8.2,M-2 Motorway,ACCIDENT,Pakistan
2234,30.4801,70.1599,1.8,Ring Road,ROAD_WORKS,Pakistan
2235,25.7207,74.421,7.7,Mall Road,TRAFFIC_JAM,Pakistan
2236,28.7772,67.0796,2.5,Ring Road,ACCIDENT,London
2237,35.5534,68.9569,6.1,Shahrah-e-Faisal,ACCIDENT,London
2238,26.1948,74.8095,2.0,Mall Road,TRAFFIC_JAM,Pakistan
2239,25.1148,71.8935,1.9,Mall Road,ROAD_WORKS,Pakistan
2240,24.1832,68.7671,4.9,Ring Road,ROAD_CLOSURE,Pakistan
2241,31.5047,74.217,1.8,M-2 Motorway,TRAFFIC_JAM,London
2242,31.4149,71.3315,4.1,Ring Road,ROAD_WORKS,Pakistan
2243,29.6008,70.2978,3.6,M-2 Motorway,TRAFFIC_JAM,London
2244,30.312,73.6571,5.5,Ring Road,ROAD_CLOSURE,Pakistan
2245,30.7323,68.2517,7.0,Ring Road,ROAD_CLOSURE,Pakistan
2246,29.8894,68.35,3.9,M-2 Motorway,ACCIDENT,London
2247,35.5355,74.1115,3.5,M-2 Motorway,ROAD_WORKS,London
2248,25.8729,72.109,9.0,Peshawar Rd,ROAD_CLOSURE,London
2249,28.9148,74.8445,8.7,Shahrah-e-Faisal,ROAD_CLOSURE,Pakistan
2250,30.695,74.7968,7.2,M-2 Motorway,ROAD_CLOSURE,Pakistan
2251,34.9231,72.7311,8.4,Peshawar Rd,ACCIDENT,Pakistan
2252,24.5228,71.9186,8.9,M-2 Motorway,TRAFFIC_JAM,London
2253,33.9543,68.1991,2.9,Shahrah-e-Faisal,TRAFFIC_JAM,London
2254,25.357,69.3682,2.2,Mall Road,TRAFFIC_JAM,London
2255,24.026,72.2948,8.2,GT Road,TRAFFIC_JAM,London
2256,27.4804,67.3529,8.0,Shahrah-e-Faisal,ROAD_WORKS,London
2257,32.9511,71.4114,5.8,GT Road,ACCIDENT,London
2258,25.0271,74.7656,7.0,M-2 Motorway,ROAD_WORKS,London
2259,29.5278,69.1065,6.3,Ring Road,ROAD_WORKS,London
2260,25.3894,71.7088,1.7,Shahrah-e-Faisal,ACCIDENT,Pakistan
2261,35.0775,72.1501,6.1,GT Road,ROAD_CLOSURE,Pakistan
2262,34.8195,71.6143,4.2,M-2 Motorway,ACCIDENT,Pakistan
2263,24.4827,72.0267,5.7,Shahrah-e-Faisal,ROAD_CLOSURE,London
2264,36.7555,73.8949,8.0,M-2 Motorway,ROAD_CLOSURE,London
2265,33.9971,70.2283,4.4,GT Road,ACCIDENT,Pakistan
2266,34.434,68.5659,8.0,Ring Road,ROAD_CLOSURE,London
2267,28.6157,67.5252,1.9,Ring Road,ACCIDENT,Pakistan
2268,24.7167,67.2549,7.8,Mall Road,ROAD_WORKS,Pakistan
2269,29.7041,71.231,1.7,Ring Road,ACCIDENT,London
2270,34.9169,70.8582,6.7,Peshawar Rd,ACCIDENT,London
2271,32.8625,71.0296,7.6,Ring Road,ACCIDENT,Pakistan
2272,24.2947,74.6888,5.7,M-2 Motorway,ACCIDENT,London
2273,32.511,71.7769,8.2,Shahrah-e-Faisal,ACCIDENT,London
2274,28.1432,68.454,9.5,M-2 Motorway,TRAFFIC_JAM,London
2275,30.2022,68.8331,7.0,M-2 Motorway,ROAD_WORKS,London
2276,36.0761,70.8918,7.6,Shahrah-e-Faisal,ROAD_WORKS,Pakistan
2277,24.9723,69.497,6.6,GT Road,ROAD_WORKS,Pakistan
2278,27.5083,69.6827,4.4,M-2 Motorway,ROAD_CLOSURE,Pakistan
2279,33.3361,71.4392,4.0,Mall Road,ROAD_CLOSURE,Pakistan
2280,24.8512,68.0813,4.5,Shahrah-e-Faisal,ACCIDENT,London
2281,29.2914,71.8601,5.1,M-2 Motorway,ACCIDENT,Pakistan
2282,30.9868,73.6912,2.7,Ring Road,ROAD_WORKS,Pakistan
2283,30.2915,68.2338,1.8,Ring Road,ACCIDENT,Pakistan
2284,29.4159,74.191,6.9,GT Road,TRAFFIC_JAM,Pakistan
2285,34.4813,74.0173,1.7,M-2 Motorway,ACCIDENT,London
2286,29.206,69.9349,4.6,Shahrah-e-Faisal,ROAD_CLOSURE,London
2287,33.3559,70.8646,5.4,Ring Road,ROAD_CLOSURE,Pakistan
2288,31.4366,74.4437,9.9,Mall Road,TRAFFIC_JAM,Pakistan
2289,30.6499,67.9065,5.3,Shahrah-e-Faisal,ROAD_CLOSURE,London
2290,26.2423,68.8689,5.0,M-2 Motorway,ROAD_CLOSURE,Pakistan
2291,24.8432,73.5712,3.7,Ring Road,ROAD_CLOSURE,London
2292,26.0986,72.8452,6.8,GT Road,ROAD_WORKS,London
2293,24.3618,74.9627,6.0,M-2 Motorway,TRAFFIC_JAM,Pakistan
2294,32.9913,67.0045,6.0,GT Road,ROAD_WORKS,London
2295,34.3328,71.9382,6.3,Peshawar Rd,TRAFFIC_JAM,London
2296,33.1447,72.9454,9.1,Ring Road,ROAD_CLOSURE,Pakistan
2297,33.8131,70.2418,5.7,Ring Road,TRAFFIC_JAM,Pakistan
2298,35.4181,70.9445,5.7,M-2 Motorway,ROAD_CLOSURE,London
2299,31.779,67.0699,5.2,Shahrah-e-Faisal,ACCIDENT,London
2300,29.061,69.7299,6.9,Ring Road,ROAD_CLOSURE,London
2301,30.7901,69.1766,4.1,Shahrah-e-Faisal,ROAD_WORKS,Pakistan
2302,31.4104,73.0915,7.1,M-2 Motorway,TRAFFIC_JAM,London
2303,33.7019,67.1385,8.2,Mall Road,TRAFFIC_JAM,Pakistan
2304,27.9462,70.824,7.5,Mall Road,ROAD_CLOSURE,London
2305,27.0734,73.5438,4.1,Peshawar Rd,ROAD_CLOSURE,London
2306,36.2864,71.5945,5.3,GT Road,ROAD_WORKS,London
2307,24.8047,71.2875,6.5,Ring Road,ROAD_WORKS,London
2308,34.3647,74.6979,9.7,Peshawar Rd,ROAD_CLOSURE,London
2309,35.6801,67.9922,6.2,GT Road,TRAFFIC_JAM,London
2310,28.3365,70.577,1.6,Peshawar Rd,ACCIDENT,Pakistan
2311,27.4624,68.753,5.8,Ring Road,ROAD_CLOSURE,Pakistan
2312,25.2744,68.6298,9.9,M-2 Motorway,ROAD_CLOSURE,Pakistan
2313,34.0598,72.9219,9.0,Ring Road,ACCIDENT,London
2314,33.8918,67.8077,7.1,M-2 Motorway,ACCIDENT,London
2315,30.4954,74.6126,8.8,Peshawar Rd,ROAD_CLOSURE,London
2316,25.3379,73.3078,5.7,Shahrah-e-Faisal,TRAFFIC_JAM,Pakistan
2317,33.9917,67.7971,4.2,Ring Road,ROAD_WORKS,Pakistan
2318,26.9258,69.1491,5.5,Mall Road,ROAD_WORKS,Pakistan
2319,29.4092,68.5798,9.7,M-2 Motorway,TRAFFIC_JAM,London
2320,36.2298,69.5169,3.3,GT Road,TRAFFIC_JAM,Pakistan
2321,29.3311,74.1622,4.3,Shahrah-e-Faisal,TRAFFIC_JAM,London
2322,33.2676,73.4585,1.2,Ring Road,ACCIDENT,London
2323,35.0772,67.873,3.0,Mall Road,TRAFFIC_JAM,London
2324,31.7476,74.7457,1.4,M-2 Motorway,TRAFFIC_JAM,London
2325,28.4689,67.1952,2.1,Peshawar Rd,ROAD_CLOSURE,London
2326,32.3858,67.0857,8.4,Ring Road,ACCIDENT,London
2327,36.7773,70.2767,4.5,Peshawar Rd,ACCIDENT,London
2328,29.4972,72.7939,7.4,Ring Road,ROAD_WORKS,London
2329,24.6702,70.9387,8.3,Ring Road,ROAD_WORKS,London
2330,32.233,74.4255,3.2,M-2 Motorway,ROAD_CLOSURE,London
2331,29.1359,71.3128,3.0,M-2 Motorway,ROAD_CLOSURE,London
2332,35.4521,74.7157,9.0,Peshawar Rd,ROAD_WORKS,London
2333,34.9512,70.3179,6.5,Peshawar Rd,TRAFFIC_JAM,London
2334,26.1991,69.4287,2.3,M-2 Motorway,ACCIDENT,Pakistan
2335,34.3015,72.9613,6.3,Mall Road,ROAD_CLOSURE,London
2336,31.4728,73.8779,1.9,Shahrah-e-Faisal,ACCIDENT,London
2337,32.6493,69.8449,8.2,GT Road,ACCIDENT,Pakistan
2338,26.2896,72.1845,6.7,Shahrah-e-Faisal,ACCIDENT,Pakistan
2339,24.0454,68.6904,3.7,Ring Road,ACCIDENT,Pakistan
2340,27.9855,73.8311,5.2,M-2 Motorway,ACCIDENT,London
2341,31.3082,67.7422,3.9,Ring Road,ROAD_CLOSURE,London
2342,33.8404,72.7662,1.1,Peshawar Rd,ROAD_CLOSURE,Pakistan
2343,35.6898,73.3081,6.5,Shahrah-e-Faisal,TRAFFIC_JAM,Pakistan
2344,35.8708,68.5473,4.9,GT Road,ROAD_WORKS,Pakistan
2345,32.0139,70.9441,6.6,Shahrah-e-Faisal,ROAD_CLOSURE,Pakistan
2346,32.8868,67.1575,5.2,M-2 Motorway,ROAD_WORKS,Pakistan
2347,33.358,72.1067,1.7,M-2 Motorway,TRAFFIC_JAM,Pakistan
2348,33.1939,73.7413,6.9,Ring Road,ACCIDENT,London
2349,32.9993,71.2024,7.0,Shahrah-e-Faisal,ROAD_WORKS,London
2350,36.8493,74.0391,5.8,Ring Road,ROAD_WORKS,London
2351,30.3605,74.0165,4.7,Mall Road,TRAFFIC_JAM,London
2352,31.6522,73.9658,8.6,Peshawar Rd,ROAD_CLOSURE,Pakistan
2353,35.8716,67.5659,8.3,Peshawar Rd,ROAD_WORKS,Pakistan
2354,27.0839,67.8176,9.7,Mall Road,ROAD_CLOSURE,Pakistan
2355,25.0219,67.5118,7.8,Mall Road,ROAD_WORKS,Pakistan
2356,27.6287,74.5661,6.2,Peshawar Rd,TRAFFIC_JAM,Pakistan
2357,34.3091,73.0053,6.5,Shahrah-e-Faisal,ROAD_WORKS,Pakistan
2358,25.4868,73.758,3.1,Mall Road,ROAD_WORKS,Pakistan
2359,27.6745,70.8598,6.2,Mall Road,ACCIDENT,Pakistan
2360,28.1025,70.3477,9.3,M-2 Motorway,ROAD_WORKS,Pakistan
2361,27.3632,71.6201,6.7,M-2 Motorway,TRAFFIC_JAM,Pakistan
2362,36.5279,67.4701,6.3,Shahrah-e-Faisal,TRAFFIC_JAM,London
2363,35.956,73.9672,3.9,Shahrah-e-Faisal,TRAFFIC_JAM,London
2364,30.0798,73.1051,4.6,Mall Road,ACCIDENT,Pakistan
2365,28.4614,74.3227,8.1,Ring Road,TRAFFIC_JAM,London
2366,28.2523,73.5063,2.1,Shahrah-e-Faisal,TRAFFIC_JAM,London
2367,36.508,71.5472,5.4,GT Road,ACCIDENT,Pakistan
2368,34.3209,72.9847,6.1,M-2 Motorway,ROAD_WORKS,Pakistan
2369,28.1397,70.8739,1.5,Peshawar Rd,ROAD_CLOSURE,London
2370,35.9651,71.6451,9.0,Mall Road,ROAD_CLOSURE,Pakistan
2371,28.2046,73.0927,7.7,Mall Road,ACCIDENT,Pakistan
2372,33.1575,71.3426,1.2,Peshawar Rd,ROAD_WORKS,London
2373,31.024,68.8845,5.8,Ring Road,ROAD_CLOSURE,London
2374,29.8146,67.4088,9.6,Mall Road,ROAD_CLOSURE,Pakistan
2375,28.7853,73.4746,2.5,Ring Road,ROAD_CLOSURE,London
2376,36.9407,72.904,8.2,GT Road,ACCIDENT,London
2377,25.2067,74.2474,3.9,Ring Road,TRAFFIC_JAM,Pakistan
2378,31.3526,67.6247,4.4,Shahrah-e-Faisal,TRAFFIC_JAM,Pakistan
2379,33.6007,70.5164,6.1,Mall Road,ROAD_CLOSURE,London
2380,36.5652,72.2354,5.8,Shahrah-e-Faisal,ACCIDENT,Pakistan
2381,33.1522,71.7927,1.6,Ring Road,ROAD_WORKS,London
2382,36.9413,70.3625,9.0,Ring Road,ACCIDENT,London
2383,26.2785,74.561,8.7,GT Road,ACCIDENT,Pakistan
2384,29.5489,74.6079,1.2,M-2 Motorway,TRAFFIC_JAM,London
2385,26.7916,69.8899,9.1,Ring Road,ROAD_CLOSURE,Pakistan
2386,34.4306,67.9378,2.4,Ring Road,ROAD_WORKS,London
2387,29.3619,68.4478,8.8,Peshawar Rd,ROAD_WORKS,London
2388,35.9947,70.3321,7.9,Mall Road,TRAFFIC_JAM,Pakistan
2389,36.4592,70.203,8.0,M-2 Motorway,TRAFFIC_JAM,Pakistan
2390,24.1921,70.4692,1.9,M-2 Motorway,ACCIDENT,Pakistan
2391,30.0667,73.2606,6.7,Shahrah-e-Faisal,TRAFFIC_JAM,London
2392,27.5607,72.8541,9.6,Mall Road,ROAD_CLOSURE,London
2393,35.6338,67.1651,5.5,Ring Road,ACCIDENT,London
2394,36.3292,70.7377,3.2,Shahrah-e-Faisal,ACCIDENT,London
2395,30.7788,72.1821,8.8,Ring Road,ROAD_CLOSURE,London
2396,26.9105,72.9774,9.4,GT Road,ACCIDENT,London
2397,29.2615,69.7861,3.9,GT Road,ROAD_WORKS,London
2398,28.5057,67.4551,8.9,GT Road,ACCIDENT,Pakistan
2399,26.8288,71.5651,1.6,Ring Road,TRAFFIC_JAM,Pakistan
